USE hotel;
INSERT INTO User VALUES
("bartlettsheila@johnson.com","Tracy Alexander","pjurnWsJ3nIm","000.597.9721",4),
("pgilmore@contreras.com","Catherine Wilson","lei9kQGnmS","+1-189-048-1475",2),
("smithdouglas@sandoval-jackson.com","Jesse Moreno","5AyU5BUfeen","001-721-832-0518",5),
("zhill@thompson.com","Charles Torres","2GlgUanopdIF","(709)657-5977",4),
("hgross@phillips-martinez.com","Andrew Fitzpatrick","J5kDTg6fMUm","(618)176-4351",3),
("fosterbrandon@lara-robinson.com","Rebecca Griffin","Lqkrb4g4Ezo7","001-547-194-1631",5),
("zacharypark@gmail.com","Kathryn Cardenas","KyTckxOXXm","001-340-582-7875",2),
("meganjones@jackson-barnett.com","Brenda Williams","HpM8HPJF","+1-123-066-5364",1),
("joshua69@fox-miles.com","Melissa Bradford","x2NlSenzdcDnJD","496.057.3726",2),
("roy72@yahoo.com","Elizabeth Jones","FpxeOPRpYXKmo","+1-724-959-5328",2),
("richardsonlaura@moon.com","Robert Swanson","Rdd4rGUgWMiQc","(449)594-9384",3),
("wadams@hotmail.com","Damon Dixon","8PNNwDmh0YA","001-981-345-2060",1),
("vickiblack@kerr-solomon.com","Mary Williams","yqoPa2niUMEM","793-581-0959",4),
("thomasstacy@barker.net","Kathryn Bentley","kxzJnxssp1PjE1K","001-652-898-9970",3),
("edwardscindy@reed.biz","Pamela Lowe","bSYPZaFYlWaX","001-700-714-6527",4),
("brittany62@fowler.com","Megan Curtis","Tk8ZPZou","+1-982-824-0975",2),
("alan59@martinez-greene.com","Jennifer Osborne","72ru0lwJkSE","+1-995-825-4542",4),
("callen@flowers-acosta.com","Joyce Bartlett","4eXzFkuuHB2","001-968-799-7787",5),
("muellertony@grant.com","Sarah Flowers","p8VKFnf935","648-568-3977",5),
("gregorymerritt@gray.com","Robin Ford","WZlIEcuMxbpd","025-910-0465",5),
("acompton@carlson-dorsey.com","Timothy Espinoza","5F9OjRxHlie","+1-323-979-7685",5),
("john42@gmail.com","Jenna Jennings","bCLW9x90tE","(203)985-8367",1),
("yjames@gmail.com","Benjamin Sanchez","xxJwTi6vimz","001-485-887-1408",1),
("clayton85@anderson.biz","James Thompson","6m0P2DHpr6shQvf","001-745-217-3731",3),
("annthomas@cooper.org","Brianna Long","CzdKBK6TK","(085)338-0057",3),
("ltorres@smith.org","Javier Hahn","PSTRBEOLPJZCXN","793-663-0661",2),
("gainesjennifer@adkins.com","Tyler Thompson","76zWIlyG4HV","602.480.5804",2),
("melissaburns@orozco.info","Andre Webster","IWzo6PnZEZXOZ","242.648.0459",5),
("colemanryan@yahoo.com","Marissa Fuller","I8jbfIBiB1sdm","+1-411-969-5890",3),
("dianagarcia@gmail.com","Catherine Rodriguez","i4t9lJRNprp","821-597-4119",5),
("samanthawilliams@hotmail.com","Leslie Robinson","EnvcV48xmD","+1-964-990-9585",2),
("kirbyangela@montgomery-mccoy.biz","Ricardo Smith","Dzk6xs0Er","+1-067-131-5556",3),
("brownashley@montgomery.org","Carl Hayes","HJbtddyN6I","918.650.6538",5),
("yrios@hotmail.com","Michelle Jackson","xoxZPIGBXe","+1-796-494-4252",1),
("greenmiguel@gmail.com","Carol Morrison","1TX4sw1fzWWF","(080)394-3764",4),
("rosariocrystal@yahoo.com","Jennifer Boyle","LJELgpatp2QTP","351-695-5646",3),
("mcarroll@watts.org","Michelle Bernard","htx5Mvebg7ZFgEO","923.645.6943",5),
("jennifercastro@sullivan.com","Stephen Vance","iVuSSAyK3lj5KRl","128.770.0436",4),
("nancy29@hotmail.com","Kerry Lopez","QfeRYrFApmdP","(703)997-6129",2),
("millervictoria@edwards.org","Becky Wood","DerlhirXmWeg5","001-645-731-5034",1),
("logansmith@strickland-murphy.com","Johnny Torres","gvwsao08gQjdkg","161.468.1526",4),
("heathermoreno@bowers.com","Jamie Russell","da1gxqRA3lplSN","(700)009-8391",1),
("donna11@hotmail.com","Justin Bautista","Wqs0HUaDL1d8Zw","+1-455-670-7685",2),
("harrisonjoseph@hotmail.com","Richard Smith","mnAcv5RlNeMlzl","9099662173",2),
("alan96@ballard-johnson.com","Stephanie Williams","b54WuzzM8HxI","001-151-811-1703",4),
("brownrobert@yahoo.com","Mary Carson","mmWrgt0kEbVr","379.785.8959",5),
("gnguyen@gmail.com","Shannon Adams","ilNZJcrsYe","(146)478-9944",3),
("cgoodman@frank.com","Brandon Lane","b4C3GZVmc","116.655.1439",5),
("michael87@rose.biz","Ruben Benitez","NRGhMr9yx","3142486924",5),
("matthewdavis@wilson.com","Katherine Jones","nSkJG4TPNqzbAL9","163-088-8427",4),
("fclayton@harris.com","Valerie Wright","Xi6J5TvJ","623.323.1044",1),
("cstewart@hotmail.com","Joseph Anderson","qsPd4zKEPH","228.672.5227",3),
("jasongreen@lowe-olson.com","Robert Rivera","G0fVEwo4bCw7gMF","986.156.6633",5),
("derektaylor@yahoo.com","Ryan Howard","a1nF0IhXFg","+1-746-366-1154",3),
("halecarlos@green.org","Nathan Delgado","IY9OrWqY4","159-054-2779",1),
("woodssean@hotmail.com","Annette Wang","cYko7cNnEgt59i","001-258-803-8390",2),
("maddoxdiana@malone.com","Christopher Hatfield","B0Cv7kcm43Oy","651-445-6210",2),
("beth96@hotmail.com","Brittany Patterson","6wfL056Qf0e4S","6459921859",3),
("mwest@hotmail.com","Jermaine Dodson","4PZSxX1qMozPB5","001-318-367-9441",1),
("wallacedanny@yahoo.com","Steven Watson","9LfISZ9j","+1-957-239-8065",3),
("shawnsmith@gmail.com","Sarah Hardy","OOBl4txbxe","195.134.5863",3),
("lflores@yahoo.com","Richard Wood","wRhQBox4PrYAY3","4748499584",1),
("susanevans@hotmail.com","Kimberly Cox","KEFAJ5aOcSrKf","001-821-201-5598",2),
("ycoleman@gmail.com","Elizabeth Jensen","sxzIyLp6xY5YVb","(668)649-5816",5),
("sfrank@hotmail.com","Cody Lara","gXpWRwPVfsD0qEs","+1-714-274-2066",3),
("darrenmatthews@hotmail.com","Emma Phillips","80hvC5tJ","(963)697-4077",3),
("norrisvanessa@gmail.com","Rodney Thompson","CmrVZR4e","436-936-5083",3),
("elizabeth38@hotmail.com","Patricia Gonzalez","1KRcM2qBgkrd","001-882-409-5149",4),
("wmurphy@gmail.com","Courtney Johnson","uEklnszfmcE0bYb","274.585.7417",5),
("goodangela@hotmail.com","Tyler Benitez","YeqPbgX81FV6Y","+1-376-448-8098",1),
("higginsbrianna@hotmail.com","Nancy Rodriguez","UOtIG7Tk","(474)389-6807",2),
("teresa21@hotmail.com","Joseph Martin","ki4d7AESJDp7","+1-119-887-5728",5),
("crawfordryan@meyers.biz","Brooke Taylor","yYmvaE6goAWl3","(182)585-4825",5),
("ygonzalez@salazar.info","Tanya Mills","X2MpcByf","+1-371-614-9921",3),
("cjohnson@galvan.com","Dawn Contreras","c8L5uSHnc","(494)224-4388",2),
("xtorres@gmail.com","Kenneth Ford","PyGLt2t4M3c6G","442-200-9004",1),
("cunninghamsusan@west.org","Jacqueline Hardin","F8dzNbjMZZ51","001-390-228-6408",5),
("delgadomatthew@sanchez.biz","Leslie Shah","hiDgfNcoXr","701.115.8494",3),
("stephanie58@johnson.info","Elizabeth Tanner","Vn7tfHoss8WkuPr","840.017.5325",1),
("lindseysmith@yahoo.com","Joshua Martinez","RHnad3rtwhi9","001-123-170-7765",2),
("kevinkelly@mills-roberts.biz","Christina Murphy","AvkjZKncF","249-949-6336",5),
("erin32@yahoo.com","Zachary Clark","Q2hEYCiVj9Ky","383-491-9970",2),
("sherry68@hotmail.com","Alicia Barr","Ci7COFaFz7BQ50x","+1-141-502-9452",1),
("shellywilliams@hotmail.com","Evan Brooks","wLKqgrxaC","911.720.8782",2),
("nathaniel18@grant.info","Monica Hardin","ezhEwURacmmXyNS","003.963.6110",1),
("dennisrichardson@yahoo.com","Kelsey Fernandez","4rlp2dCvxpW6M5o","(184)236-9031",3),
("rwatkins@leon-perkins.com","Daniel Smith","GxQ1pi6QvY","590-164-6491",5),
("mark52@gmail.com","Ronald Hayes","vgsnMZZ9vahD","001-437-800-7659",5),
("mooresteven@ramsey.net","Joyce Sanchez","iTm8QH3K5M15g","(681)236-2050",3),
("okirby@mcguire.com","Jessica Parker","P4afztgAp8j","896.251.7348",5),
("normandavid@robinson-cox.net","Maria Garrett","BMbdzD0k","001-518-825-8284",5),
("richard04@pacheco.com","Frank Hoover","zRDhRmUKCBBFN","001-720-191-4364",5),
("andrewjohnson@curtis.net","Kristina Rowland","hbUQBln78tVIXM1","621.120.6666",3),
("dustinlloyd@yahoo.com","David Gutierrez","MwjDy6InpT7ir4N","+1-100-092-6414",4),
("keybrian@mcmahon-waters.com","Nicholas Davis","VTzGlLmqSj","912-951-6923",5),
("michelle00@lindsey.com","Mary Russell","2y8O6bjkYkx","760.385.5417",3),
("mortiz@gmail.com","Dana White","srMBU59O1KsB","655-846-1640",1),
("leahlowery@hotmail.com","Matthew Jackson","vq2F4pr07h3","307.078.0179",2),
("travishouse@strickland.net","Laura Williams","4TLm8NbUcqqBk8c","797-862-6871",2),
("linda75@davis.biz","Andrew Moore","V9OH0IpcIcv","001-964-579-0357",1),
("davidstone@ibarra.biz","Travis Morris","sVG2A32vLZLcV","001-779-870-1025",1),
("lisamays@jordan-rodriguez.biz","Sara Vazquez","aIrVgfsYfWj","001-931-304-6245",3),
("yolandalee@hotmail.com","Mary Williams","FFk3umaY","(965)248-8123",5),
("tiffanychapman@hotmail.com","Ronald Moss","19sW4qzy","795.939.9472",5),
("sibarra@white.net","Lawrence White","nghnt46qW3Xk","639.193.0869",5),
("jonesbreanna@hotmail.com","Raymond Ramos","iW64SKgy","+1-974-570-7019",2),
("wmurphy@yahoo.com","Robert Thornton","pl8SCEEPgS","898.896.7627",3),
("melissacarter@yahoo.com","Kathryn Matthews","0sMw3EDTYx3qN","(531)714-2998",4),
("amanda88@sanchez-franklin.net","Ronald Reyes","hXOlHOw4Xm0","(030)192-2919",2),
("joshua54@yahoo.com","Ashley Campbell","0QFcBcuUE8ppw","(486)286-8498",1),
("aliciasmith@berry-shepard.com","Brenda Gonzalez","CXaasXr0","+1-948-577-3123",5),
("katherine64@gmail.com","Susan Lucas","VR0DMr4sJKR1","+1-431-033-1266",2),
("cestrada@hotmail.com","Daniel Armstrong","JfdTxfBOX","6025940058",4),
("wallaceerica@atkinson-peterson.info","Anne Fry","VbWeKhCAh","422-261-1824",5),
("vchavez@hotmail.com","Ann Williams","MRtcv5cPB","001-104-296-5463",1),
("bradfordlori@herrera.com","Krista Wright","yiUVVTQw","412.387.4398",2),
("desiree91@martin-atkins.info","Janet Knight","UD9w2869elOtKr","001-575-457-5890",2),
("howardsandra@turner.org","Laura Lopez","07NxTBLz5Y","+1-530-879-2674",5),
("ibarnes@lane-cannon.com","Katelyn Cardenas","ouoLipAqI","655-896-0973",2),
("cowanricky@gmail.com","Juan Cervantes","J1RmH7bEz6yiQt","+1-543-460-6370",5),
("kellermichael@walters.com","Christopher Rich","WrjzDZ3luo5oqf","(032)653-9595",4),
("greencharles@hotmail.com","Malik Stevens","Tgy8LcOw9","054.788.6196",2),
("tmiller@hotmail.com","Alisha Nichols","zBDWW7PSxLHJ6N","613.807.2566",5),
("james96@yahoo.com","Brian Weber","ornUge0jj","702.039.4691",1),
("gjensen@molina-barrett.com","Claudia Stephenson","ls2d4uLMXP3","+1-101-028-8583",4),
("grivera@hotmail.com","Brittany Garza","0BmQS73EWb","+1-222-093-7885",2),
("lisa55@kelly-santos.net","Laura Williams","P6wNtqg3","+1-686-682-7651",2),
("david30@thomas.com","Nicole Carter","9JSTNt7uZIXkZe","+1-692-672-9801",3),
("george17@hotmail.com","Nicole Goodman","GyOVUYBEcTv","3189683109",1),
("chris80@sullivan.net","Carrie Vaughan","oR67gsBCl","(462)649-6676",5),
("ericasanchez@yahoo.com","Jeremy Cruz","XLMUGR9p6vDgkk","+1-893-213-2600",2),
("edwardscharles@hotmail.com","Tiffany Taylor","2BF17niLNr782","+1-569-053-9858",5),
("tyler06@diaz-wilson.com","Patrick Cardenas","BqoMgeh8sBsZ9t","417-563-4256",3),
("ahill@harris.net","Andrea Brown","3sXIqY6CdOd3","(729)440-8903",3),
("michael27@reese.net","Melissa Hunt","QHjNoFSNaWn4","531-427-8994",2),
("dorothy84@kerr-johnson.biz","Michelle Baldwin","MMagHJO7","9138635412",5),
("heatherbradshaw@yahoo.com","Paul Brown","iHvJi2OLh55zsx","001-405-503-3255",1),
("andrea11@hotmail.com","Ryan Chung","J6W9OZA7Oc","090-511-1710",5),
("wilsonjill@roberts.biz","Brooke Smith","zp21T7Nak7f","089-898-6633",2),
("hmoore@moreno-thompson.org","Kimberly Chavez","1Wvz1GGSRKIfVo","8237254965",1),
("paul52@yahoo.com","Kyle Wagner","Arc0cqruJ","979.158.4206",1),
("eluna@yahoo.com","Thomas Gray","xtY1WY9c","783-051-2011",2),
("pamelahughes@fox.org","Shawn Williams","y9N7KcD7u","134-041-9584",4),
("victor02@logan.net","Tamara Davis","VzMibCzM9QNla3","9389477213",3),
("jimenezvictor@gmail.com","Angel Rogers","Pq9OAlbsSSDXXi","174.525.0268",2),
("ericksonjoshua@hotmail.com","Michael Bishop","Nognd1WB8on","001-715-890-7357",5),
("chelseabriggs@armstrong.com","Austin Summers","2BgyiPSaEUbcrEE","(139)525-9603",5),
("dvargas@yahoo.com","Cody Garcia","m5TKAtZEl68gD2i","+1-356-240-2513",5),
("wirwin@smith.info","Melissa White","mKJk3tIvZdmrMY","001-710-227-7362",4),
("uadams@gmail.com","Michael Lopez","9uDNWJvM2XVE","(122)228-4433",3),
("garciadavid@sandoval-hayes.biz","Matthew Edwards","RGk8JhW9e7U","(096)700-0216",5),
("brian07@sharp-smith.net","Melissa Kemp","gL5CJQf5a","208.050.2485",3),
("valerie79@gmail.com","Tamara Golden","OekEEU2p","+1-551-888-2225",2),
("othomas@lawson.biz","Chelsea Mcintosh","9ntKpFZ7","(019)122-9935",1),
("melissaacosta@thomas-robinson.com","Allison Farley","FptoiLYoQ","940-633-2884",2),
("tonyasavage@gmail.com","Richard Richards","DB22bKDLe","001-670-635-6844",4),
("enolan@gmail.com","Krista Blake","qUdEXCrNetnv7ta","522.554.6752",5),
("martingomez@hotmail.com","Jeanne Jones","fccBiAdV","+1-804-387-7956",3),
("beth97@perez.com","Elizabeth Campbell","K8NEA1qA","3112445593",2),
("brittanyweaver@robles-manning.com","Anita Lopez","Z1Zj4eN3c28N7","293-832-3461",2),
("selena79@garcia.info","Benjamin Gibson","9QSENHlSt","+1-389-721-8289",4),
("john68@dennis.org","Justin Lara","63963GQ0WiGA9","421-135-5198",5),
("anthonylambert@gmail.com","Maria Mcknight","UFRfX858YDF34","001-321-401-3558",2),
("martinezmikayla@sherman.com","Bradley Maynard","mmcFev5Z","7289772142",4),
("annejohnson@macdonald.biz","Laura Cooper","lMboBAMb3O24","2606769053",4),
("robertforbes@hotmail.com","Lorraine Bowen","udfcy87B9IZwyzZ","831-510-5027",5),
("annacunningham@yahoo.com","Troy Collins","bfe48cuRIWsLp","176-437-1884",5),
("michellewilliams@gonzales.net","Cynthia Brock","DvJQsrwcwl","+1-671-936-6171",1),
("marydavis@caldwell.com","Vanessa Barnett","hlBVwJwVEh","642.049.1767",2),
("hicksashley@hammond.com","Paul Humphrey","aECgW2gqR7UP","(531)383-5930",2),
("pschwartz@gmail.com","Jessica Mccoy","KYEP7ysjZTtZW","150.348.4492",4),
("jessica05@gmail.com","Virginia Hall","gdVtmmmVq","690-737-8348",4),
("mary83@gmail.com","Jennifer Fritz","4LUHaHBuQW2ms","370-329-0739",3),
("caroline73@gmail.com","Melissa Cross","2aKUg1Tmc3","508-496-1410",1),
("williamsmary@gmail.com","Ronald Jones","9PNV3e364krJ","635.747.8500",4),
("nbrady@gmail.com","Courtney Obrien","UyT0WRbQgyn","+1-029-682-6623",1),
("matthewsthomas@burgess-kennedy.com","Jonathan Smith","uKkwXs8SZYkMdYZ","(644)894-0981",5),
("maryfuentes@hunter.net","Reginald Adams","XGmVV1P4Yjet3","+1-449-498-5634",3),
("tannerkari@love.com","Patricia Peck","jkov8LLtxqcCRdk","079-424-4766",2),
("christian58@hotmail.com","Lauren Holder","FWqzM4iDgZ","091-947-1286",3),
("joseph59@gmail.com","Kimberly Hickman","cOLz0wOBw","451-783-4349",4),
("benjaminbrown@gross.net","Brad Campos","iYeIPSIOwj4xH2","178-686-6282",2),
("grimestracy@johnson.com","Lynn James","ooXpCTIzO","001-636-521-3864",1),
("edwinjefferson@hotmail.com","Melissa Martinez","ywbAs8Co","211.223.2636",3),
("linda74@khan.com","Ethan Ford","CTxfD0lEubU","(345)479-2921",2),
("umonroe@dennis.biz","Molly Hammond","R5MEEA9ROhm3B","(710)814-2169",5),
("michael23@cox-tucker.net","Carlos Cain","uA3H0qe2Sah","001-137-040-1248",5),
("sgraham@yahoo.com","Melissa Johnston","LpVzte1gvH5G","163-460-3761",2),
("greg79@ruiz.com","Timothy Waters","eDXdcnCBrtusx","811.035.5926",3),
("iwright@yahoo.com","David Jackson","Zr1JPD3KeMFGpo","+1-528-191-1995",4),
("lbenson@ortiz-ayala.biz","Jennifer Estrada","BIxM3u0K6fg7","(391)693-2627",1),
("angela67@cisneros.com","Amanda Ortega","HmD1sUgnG5d","693.814.1179",3),
("jamesbryant@yahoo.com","Ronald Johnson","lol6xTvJbj3eW2O","725-011-3173",5),
("hinesmary@gmail.com","Jennifer Armstrong","ic1T1NemnZ","5778973929",5),
("jharrington@mann.com","April Perez","K71KpraxJ7MI","342.970.7787",1),
("owensjackie@sullivan.com","Karen Zimmerman","JqUTYQODu","(244)352-8502",2),
("tommy16@david-roth.com","Deanna Fernandez","9PbpsVID","001-436-591-1661",5),
("ajohnson@jones-garcia.com","Tina Payne","i1fUlZfnU0","013-653-6038",3),
("jessica88@branch.biz","Patricia Newton","qrfGCT6xH7","+1-467-071-0243",5),
("qsilva@lara.com","Tonya Delgado","cqTRV4koRDPp","(769)233-8998",4),
("mwallace@yahoo.com","Alexis Kelly","i72lcA7vXjC","148-547-9756",1),
("brucematthew@martinez.org","Brian Conley","1nAtltF9aFlhHbQ","(341)699-9192",5),
("iperez@hotmail.com","Sierra Ray","R2SN8YP3MjE","(762)091-9090",5),
("wandaanderson@rivera-duarte.com","Dawn Thompson","0Vylplw3Bv","001-126-302-6766",4),
("robert54@hotmail.com","Stephanie Reed","KPipjIhrpDiJH3d","+1-237-033-9662",4),
("shelley28@harper.net","Joe Ramirez","IvZoJCMC8VhNeL","2536785238",1),
("krystal41@johnson.net","Erin Sawyer","u8vmb9VbM5JJj","407.281.6787",1),
("wmccarthy@brown-estrada.com","Savannah Ellis","ijiAuM12lHDFN","001-998-121-5076",2),
("cobbalex@hotmail.com","Michael Scott","YgKfqOa0II","301-031-0286",2),
("joseph43@hoffman.biz","Robert Miller","HGd68mWrr","(162)984-4240",2),
("kleinmelinda@gmail.com","Brandi Anderson","AGeBCVLOU","596.399.1406",4),
("areynolds@warren-martinez.biz","Kevin Myers","FwQm3U6M2","764-803-7603",4),
("medinalauren@yahoo.com","Kelly Cook","AQRMHlip4LGzSx","+1-465-059-8280",5),
("elizabeth53@hotmail.com","Lucas Melendez","ohW5ctUUt","(401)299-8790",3),
("romeromegan@gmail.com","Jeremy Williams","jmGr1mLlVo","419.121.7727",1),
("whitecynthia@mitchell-washington.info","Antonio Ayers","62cZ0rOHbFT","429.312.7877",1),
("brandyglover@hotmail.com","Elizabeth Chandler","IdUD8SbtjWLbKX","+1-137-805-0754",2),
("ufoster@freeman-hill.org","Denise Munoz","5Gosovo7CrQl0y","(166)087-9959",2),
("sarahlopez@yahoo.com","Linda Williams","YoAQZpIpGVj27fl","+1-110-028-2088",2),
("blambert@vasquez-gray.com","Heather Brennan","slZIInWyRF7","300-887-6351",5),
("gloria53@yahoo.com","Amy Garcia","KGCXEH2BQxhxD","+1-153-656-6868",5),
("danieljenkins@gmail.com","James Rios","WLoeBUtt","513.159.0236",1),
("smithjoshua@wiley-osborne.info","Aaron Leonard","2V0LwYBwllc","(029)786-1005",5),
("sholden@yahoo.com","Molly Mitchell","OjUWH9tj","430-077-9435",4),
("jeremylittle@gmail.com","Jacob Hopkins","2yhbika1ICP","815-095-6922",1),
("xgreen@jones-beck.com","Gary Davis","KzYXpseh","+1-932-825-5703",3),
("tammy23@yahoo.com","Heather Campbell","ncglUhwQ56Msr","001-265-434-5814",3),
("mckinneylisa@yahoo.com","Joshua Berg","I8aXHkwvv7q2Lr","001-044-263-6824",5),
("joel95@hogan.biz","Kelli Myers","bUg1yhYke","315.804.9709",3),
("maria12@rogers.info","Gabriel Myers","bVTrtv62Is","+1-298-048-2771",4),
("caroline77@yahoo.com","Melissa Brown","lRTfwMv7Z70yTA","605.062.3031",4),
("gregoryrussell@gmail.com","Cody Sullivan","OqLoCO0xDY5X6Ud","437-288-2491",3),
("iweaver@yahoo.com","Carla Coleman","Vpk5BwXqEd6","001-996-171-9434",2),
("kristen65@gmail.com","Kevin Galvan","OdKNIGepwL","(927)641-0295",1),
("henrygonzalez@gmail.com","Diana Lee","nmKRQfcjJRI4KQF","634.615.1012",5),
("gdavis@hotmail.com","Thomas Lucero","E5lTsaHZsi","+1-503-729-8833",1),
("robert60@mcintyre.com","Christopher Brown","Kj8lGfqz1IxWn","+1-069-549-2542",3),
("brianmartinez@brennan.org","Kathy Padilla","Z8P57h4cXAWR9","890.310.8661",5),
("donna86@underwood.com","Monique Conner","Wc5YMU4BG6c","001-985-621-4039",5),
("danieljessica@robinson-harrison.org","Megan Carpenter","zTQlW3sxWuqlm","(383)443-3417",4),
("boyddylan@williams.com","Kelli Garrison","V0acKMasDzo","316-074-6919",5),
("jessicagonzalez@gmail.com","Sarah Malone","H5W9gmrsH6i8Tpu","001-738-102-4347",1),
("gamblesonya@yahoo.com","William Elliott","R1DBZGvK18mpP","+1-184-964-9017",3),
("vaughannicole@yahoo.com","Crystal Perez","IbNMdIGxfXi1a","970-791-7813",3),
("allenamanda@dean-chung.com","Tonya Moran","XSTwDtDkBajdFmH","406-305-4529",4),
("shannonroberts@montoya.com","Kristen Hernandez","wsDn5DGqGJsgkj","(146)370-4911",2),
("hansenamanda@hotmail.com","Andrew Benson","zOgUet5f9Y","001-660-668-3534",2),
("danielromero@fisher.biz","Bryan Arnold","M4wqD3GA8wSoV5","001-352-539-0312",4),
("munozaaron@yahoo.com","Alyssa Brown","KK5O61tqt","247.609.9450",2),
("daniellamb@davis.com","Emily Cooper","wwHrTLLbzrOQ8j2","602.018.2998",5),
("zavery@hotmail.com","Barbara Wu","dcEp0BgmiqQk1","2618739767",3),
("zwilliams@gmail.com","Misty Ewing","LrwR2LvTuN","976.068.8695",5),
("donnaleach@rowe.com","Robert Zimmerman","c8FuRp0C","(324)074-6726",1),
("ntrujillo@rodriguez-schwartz.com","Jonathon Ruiz","4kbvsj2S2xPnGo","001-263-100-5308",3),
("kelly51@gmail.com","Mary Jones","46rVFKOCW","592.125.7318",3),
("icurtis@hotmail.com","Jesse Rodriguez","9nbjWkG6E8uMfzA","001-777-980-5531",4),
("tyler40@ford-long.com","Justin Cruz","Fnre1k5v","523-387-8560",4),
("tiffanylawrence@gmail.com","Jessica Ramirez","GzGFHSoY4","606-748-6401",4),
("pcox@gmail.com","Russell Lane","39iAnZ0Wv","001-578-082-7436",5),
("beth22@hotmail.com","Louis Bates","PEffjAsfFPWmn","674.679.1843",1),
("rachel51@hotmail.com","Tracy Sanders","EyRlXi8fzb","4789975690",1),
("danielsedward@yahoo.com","Alexandra Thornton","xu2GZapStmS","001-786-568-2645",1),
("mercadoelizabeth@franklin.org","Anthony Anderson","0cHxL10sP9w","(430)598-6920",3),
("elizabethcisneros@gmail.com","Damon Norman","o3b2tUOW","213-763-2021",5),
("james81@gmail.com","Ethan Hoffman","BGzMGXv82V","(809)309-7909",3),
("khanvirginia@livingston.org","Samuel Bailey","HEnpUsax","+1-681-316-9971",2),
("uallison@hotmail.com","Robert Lee","nvLEcMgxDjenpxW","(722)625-5857",3),
("ibowman@bowman.com","Martha Mcdaniel","rY76ckyPfyoCLuT","001-678-274-1082",2),
("jonesmichelle@hotmail.com","Nicholas Palmer","fcrYXBxQoaX","994-245-0805",4),
("rodriguezdennis@yahoo.com","Michelle Ferrell","a0tLJR9v","4028180119",2),
("melissa59@gmail.com","Paul Johnson","CdUSA5WGDWAh","8994027391",1),
("harrisphilip@yahoo.com","Sarah Johnson","uSpIsnYpCL","(555)965-1121",4),
("gilbertjason@brennan-weeks.com","Heather Willis","CWKTPvWfkwexgbA","+1-765-071-2176",3),
("xmiller@bryan.com","Hector Hardy","A6FSVyA5l","(423)987-7998",3),
("jeremybrowning@jordan.com","Richard Mendoza","x9AxQa6xjTd97","(380)603-9913",2),
("chicks@gmail.com","Andres Coffey","winDEbd4P","619-804-7138",1),
("garciajose@hicks.com","William Butler","ELdQ7zyQUbzjMIV","(986)170-8556",4),
("felicia17@hotmail.com","Jill Cole","iLVojvesV45","162.170.5048",3),
("benjaminbecker@ayers-quinn.com","Nathan Knapp","BNg0HVFs0","(228)607-7534",3),
("williamsrachel@taylor.com","Jennifer Thomas","5UtvSfs4","988-969-3945",2),
("richardpatel@hotmail.com","Carlos Gray","HBmWhRBtdKJYoPW","+1-835-009-1056",3),
("joseph38@lindsey.info","John Fuller","M4B4YF8H0z6V","+1-209-187-1886",3),
("phillipgraves@yahoo.com","David Gray","sG7YDh56cDyMFG","231.383.9878",1),
("morajustin@hotmail.com","Kelsey Mcdonald","cRhxebeUFNrg","+1-884-628-6994",3),
("angela26@hernandez.com","Steven Smith","UI7X2Dla4LD1","046.721.3330",3),
("lindacoleman@yahoo.com","Richard Wallace","il1KXauhcn","9736503000",4),
("vjones@gmail.com","Robert Nicholson","0DxHa2aQD","001-642-308-1375",1),
("carlosreynolds@hotmail.com","Stephanie Johnson","5Lqv6hXhboGdOY9","896-242-2878",4),
("steeleandrew@howell.com","Shawn Pitts","5AWJe41FKsEW","056.966.6478",1),
("saracarpenter@schwartz-hall.info","Bruce Torres","UKxcQiuKCHZbsw","+1-294-745-8853",5),
("robert33@hotmail.com","Julie Charles","6H09sFHuMjC1","(652)433-3777",2),
("njohnson@foster.com","Jeremy Davis","K8VOwnzXDBg2","(133)576-4566",3),
("aprilcoffey@livingston.org","Matthew Ray","7HyhcLkeAe","+1-663-793-3968",4),
("xwilliams@brooks-munoz.org","Larry Norman","ds2gxE9OG","001-552-921-8405",5),
("stephenweaver@hotmail.com","Amy Dixon","XLfqCDrVOZ8oinV","200-210-0019",1),
("jamesthomas@yahoo.com","Tiffany Knight","wBfwl6YaPG2pu","+1-303-649-5051",2),
("matthew51@crawford.com","Gabriella Mcconnell","kp94rFH4P","(492)977-1239",4),
("mccoynicole@hotmail.com","Jeremy Price","Nw0DqUBVwrnr","864.910.9216",5),
("tracy86@arnold.com","Marie Jordan","abU8ukDI9jE","007-810-8841",1),
("njacobs@young.org","Jodi Rojas","vFvK8W95uZW","896.444.4065",3),
("deborahnelson@bell-crawford.info","Kristy Reese","BigDtM1poHGreE","490.784.5043",1),
("rmichael@hotmail.com","Brian Ward","uoU22XD787","192-359-9295",4),
("abrown@yahoo.com","Kelly Bates","afBy6Lcc9SI1Y","+1-931-213-4869",2),
("wmorrison@yahoo.com","Victor Perez","cNJtij8sMY","347.061.9945",1),
("lanetanner@hotmail.com","Jessica Hays","k0xunN94hg8SKH","225.154.3076",3),
("tiffanyjones@yang-knapp.com","Monica Coleman","7K9NKNifuWS","160-498-1112",1),
("christophermiller@gmail.com","David Crawford","99mqsq082Z4","(413)723-0785",5),
("armstrongjessica@gmail.com","Mindy Carr","w0nsB6ygkz3g","(334)718-3653",5),
("christie01@chen-martinez.com","Madison Pratt","ALCE2c5OoFldc","835.686.3616",2),
("samantha53@johnson.com","Amanda Robinson","wLLSQDkmKfxq","(471)319-0857",3),
("deannawheeler@nicholson-gonzalez.org","Brittany Reed","tZnVkoTgwl1F8","382-524-7690",1),
("gibbshannah@yahoo.com","Robert Jackson","b1g4qH0Zfyh","261-153-5955",1),
("michael10@dillon.com","Ricky Wade","3o6Utgxf","(989)907-2716",4),
("candice68@gibson.com","Jenny Lee","oSCTU1RLXt","491-864-6380",4),
("jenniferlee@gmail.com","James Ruiz","uWqbdfXYBRO4","1113693166",5),
("jessedennis@yahoo.com","Austin Gaines","eTNrSmdf53AlfH","001-160-112-6593",5),
("sanchezerik@hotmail.com","Steven Briggs","WxyiQ6WbSYJsF","7083072702",3),
("nathangarcia@gmail.com","Derrick Warner","NTxcRAYi9W","+1-825-934-0230",3),
("barkerjennifer@yahoo.com","Tina Barton","FuM3lUdqzU","5577251339",2),
("lorichambers@vazquez-edwards.net","Robert Tran","M9E8nHTpuVK","+1-107-847-6057",4),
("stephaniegonzalez@guerrero.net","Jasmine Williams","niFnlPWNCP7s","001-083-453-6892",5),
("zramirez@lopez-myers.com","Kathy Thomas","t3Y08iRqNZ","001-111-091-9694",4),
("kingeric@reynolds.com","Kelsey Woods","40M3YIf8UYqK","7090649127",3),
("larryberg@guzman.net","Penny Hines","xmNrHXyQK","(990)040-4126",1),
("hallmichelle@hotmail.com","Ross White","Ywsho3OoQl4t","087.383.8587",2),
("wrobertson@gamble-compton.biz","Kerry Johnson","UE7DufUzHo","(642)477-3088",1),
("dwaynefoster@gmail.com","Tyrone Duffy","VtP3pw19cp","560-011-9033",1),
("franciskatelyn@norris-davis.biz","Evan Campbell","5QtzF3dKy","001-307-230-4611",5),
("davidrussell@george-gordon.com","Denise Savage","GgI80rrf96","+1-901-217-3318",4),
("mercerandre@gmail.com","Alicia Ware","eyP2rMS1F0c6Kb","0483844064",5),
("holly34@grimes.com","Jennifer Scott","5aum8QQ9cH1Dmh","(589)453-4266",3),
("kylemorrison@carpenter.net","Monica Wilson","AAYwKKCGatX","5182868721",5),
("hrhodes@johnston.biz","Darryl Acosta","rOYfz3Z7SXkq4Mf","352-227-4853",2),
("debra84@yahoo.com","Rhonda Wright","lgpy95hAc3GEF","(405)200-3383",2),
("johnsanchez@yahoo.com","Anita Kim","T6muZXqDHLtvfKI","326-145-8670",4),
("dphillips@ortiz-williams.com","Jennifer Wells","mG1p5hDvh7Oo","001-903-328-1034",1),
("lmckenzie@yahoo.com","Richard Cuevas","dPznMFTb73ZO","+1-286-329-7458",1),
("mckinneytony@gmail.com","Veronica Jones","k9pl0md2MoSU","(138)273-1864",1),
("david30@holloway.com","Connie Diaz","OHvBtxmNg","099-904-3208",4),
("kellyalexander@yahoo.com","Erin Boyd","eL9Djbih3s","001-215-222-4482",5),
("osweeney@yahoo.com","Sandra Lee","rBNiutKRh","+1-012-230-6154",1),
("camachobobby@hotmail.com","Nicholas Jackson","4uZnnbf2mY","001-071-459-3704",1),
("jasondecker@day-mendez.org","Stephen Bailey","E0wOs1FOEo3","0811781871",5),
("reyesangela@williams-lewis.biz","Kelsey Garcia","AOn8bqJ4fy8","613.470.2714",1),
("chelseanguyen@carey.info","Brittany Mosley","KVcbgZHJiP","963.712.8682",3),
("jeffery23@yahoo.com","James Smith","DkogoPtb","127.161.4979",2),
("mcook@yahoo.com","Tammy Gilbert","FaVt5NjqebIqg","319.948.0281",2),
("garrettmelinda@hamilton.com","Megan Shepherd","IybAgWmw","(088)540-9028",2),
("sharon17@gmail.com","Sarah Salazar","URqxOxAXrleF","(959)558-1334",1),
("andrearivera@gmail.com","Nicholas Nunez","xg5vhOta","330-822-7195",1),
("johnbush@johnson.org","Melissa Lutz","U1cb8Gw7","+1-463-760-8723",2),
("donaldjacobs@gmail.com","Patricia Bell","t75DdoZ8Cywh","583-080-2474",2),
("stevenwolfe@rodriguez.com","Jill Orozco","1VvVs9KXdtC0f32","2698192360",5),
("ybrown@yahoo.com","Robert Dixon","L6kwy5sB0bPz","(425)324-9232",3),
("hannahneal@rodriguez.com","Jeanne Robinson","aRMzK6vdXg","+1-174-739-2151",3),
("vcarter@rice-peterson.com","David Harris","lm2FA12MxKzQPu","(585)531-5359",1),
("linda23@hopkins.com","Charlene Nelson","frbX9PA9ZRVt","+1-069-937-4590",3),
("dhale@saunders-jenkins.com","Katie Noble","rehXnZi46","001-750-077-8713",5),
("tatelinda@yahoo.com","Scott Vazquez","z2BhtGtJ0wby","839-079-2587",5),
("ganderson@gmail.com","Ronald Gonzalez","PdYd7Bq5twn","319.622.9910",5),
("qrobles@duncan.com","Zachary Hoffman","2SvMT6Gz5ZGJo","548.373.7492",1),
("annjohnson@hotmail.com","Alejandra Reed","mhRAU5d12m","4247924961",2),
("danielhanson@smith.net","Dustin Jordan","DclPQEf2bttGDDX","001-657-297-6036",4),
("martinwhitney@gmail.com","Christine Hines","mddzxvTphO1Y24","244-301-1738",4),
("perezmark@white-collins.org","Bryan Chen","P1AdgAwAwh","+1-152-044-5774",4),
("morganmelissa@yahoo.com","Travis Green","BCiF10pbA","(376)864-9899",4),
("castillojennifer@yahoo.com","Brian Kennedy","m28tWNSBh6GUTQ","+1-312-452-6276",4),
("michelle55@yahoo.com","Stephanie Maxwell","8ZXEysaqVcZ5","+1-845-343-2105",4),
("keith33@yahoo.com","Kimberly Clements","zREjxs4TPaur","(227)575-3602",2),
("allenjennifer@hill-garrett.com","Janice Douglas","JYmznTHGi0ia5b","830.192.8552",3),
("fletcherandrew@duke-benson.net","Candace Perez","LsXV6DnGjT5krey","519-302-3759",5),
("ann17@wilson.com","Travis Thomas","KNnG1cbU","6154266045",1),
("kimmichael@bowers-garcia.com","Todd Brown","b3WzZlDvr","(691)214-7451",1),
("kellerjulie@foster.com","Thomas Mcguire","JRX5bDdGnYuAU","001-444-304-5154",5),
("carolyn68@flynn-jones.com","Lisa Good","OPOdH6E6","371-883-4585",3),
("kimberly37@johnson.com","Alicia Mcdonald","6B3Uv5NotX07","0453675827",2),
("hedwards@hotmail.com","Sarah Walton","mwiVfa8r0Xh","(936)474-1996",2),
("brianna55@hotmail.com","April Morgan","7JdxdnwPVqHKR","608.883.1268",1),
("corey84@yahoo.com","Debbie Adkins","Mbtljpm5wYl","+1-702-028-9143",4),
("lancemarshall@alvarado.com","Kayla Zuniga","nN9RiiJNznR","820.895.6090",4),
("allenraymond@yahoo.com","Dylan Manning","38vv4wQnGYZ5e","222.928.8131",1),
("hmartin@little.com","Robert Phillips","M8FsW9F2uzA4V","166.098.2066",2),
("qbailey@gmail.com","Brittany James","LvewQrdiaZN","803.790.6181",1),
("michaelabbott@hendricks-charles.org","Michael Smith","Hy3kPxeP","935-343-3082",4),
("youngsarah@daugherty.net","Timothy Clarke","As2ZIhQOQD","736-148-7251",2),
("peckelizabeth@williams-wise.com","Joseph Jones","sWJGRXxOgUGT","(466)116-9872",1),
("cristianbauer@powell.org","Patrick Harrison","zAYzHsp6","(812)664-3778",1),
("theresadavis@gmail.com","Keith Harrison","oSRrW6VP13loEJ","214-640-8538",4),
("robin27@larson-carter.net","Jeremy Maldonado","A5vpfTHEQB2","881-216-1591",2),
("juliapowell@hotmail.com","Nicole Carey","kHVfPXXKqJSjCWE","+1-362-311-1483",5),
("williambrandt@gray.info","Aaron Shah","dcuZ978Z","132-445-9521",4),
("rhester@cook.com","David Torres","6ZA7GwAOMCal","(229)835-9027",3),
("william49@riley.org","Kenneth Oconnor","BK07AFuZbeR","(175)313-2291",1),
("jessicaandersen@hotmail.com","Barry Hickman","IleYZ85Ka","055.139.1735",5),
("lparker@leach.com","Kristin Rodriguez","qaDakyJ2g39ZMC","+1-342-845-2168",5),
("christine94@yahoo.com","Julia Richardson","MUyBmbjjOQ","(733)063-5304",2),
("patricia82@gardner.com","Lance Williams","a113uh5Q8GOkt","053.795.9919",5),
("owang@murray.com","Michael Sanders","qNV6alUrmxYjy","134-229-9007",2),
("kathrynhunter@yahoo.com","Michael Pierce","0TubFDHVtyF","306-271-4027",5),
("brandondawson@baird.com","Angela Stewart","MLEPvl4J","497-323-3318",1),
("xhuffman@yahoo.com","Sara Archer","Uky74L6XoOrW","(877)208-1680",3),
("gloria04@gmail.com","Karen Watson","hvjjstNKBKY3","+1-822-226-3672",2),
("whiteheadcarly@morrison-mendez.com","Aaron Bailey","lW2MKvKSF6","020-623-1437",2),
("johnwilliams@hotmail.com","Christine Wright","cFqd6E20xVX","001-647-453-1278",3),
("davidhubbard@gmail.com","Charles Evans","JZLNWYN1NUJSs9","262.817.1446",3),
("camposluke@johnson-lewis.net","Stacy Garza","gDXMbWbddSBO","001-443-921-3257",1),
("mitchell26@wilson.net","Christopher Allison","LqCROsfYYy1HhTh","001-230-850-9218",4),
("patrickroy@foster.biz","Christopher Bridges","KscqoMpc","131.433.9406",3),
("walkersusan@hotmail.com","Matthew Johnson","Uayy65dId","+1-894-239-4614",3),
("maurice96@espinoza.org","Gabriela Ross","IkQhSx00yJKxko","(726)355-4890",4),
("xwiley@gmail.com","Steven Cardenas","CPH6FzV1T9","001-717-555-3982",1),
("paulscott@yahoo.com","Frank Klein","OKNgsg7PXFVr","(127)091-1417",4),
("austin49@king.com","Michael Rodriguez","8DBgWAQeev","840-851-5106",1),
("matthew87@cooper-huff.com","Derek Robertson","wjtUIX7swi11Cx","+1-727-455-3122",2),
("lorraine52@dillon.info","William Scott","Ke6EfZWlKL","001-106-857-7586",1),
("hreynolds@gmail.com","Robert Rowe","wYVmcRDTyzW0Q","001-867-628-0735",3),
("danderson@gmail.com","Brian Cobb","lu3l0Vpn","001-860-307-3404",4),
("brownchristine@gmail.com","Amanda White","aau4zA88ayH","945.079.0955",3),
("crystal69@taylor.org","Travis Salazar","jEeYXuR7yX1Lx","(803)183-8538",5),
("paigewilcox@yahoo.com","Charles Moyer","QraVv73j0","472-655-0383",4),
("yperkins@freeman.net","Sabrina Moore","vn9MUex0","+1-039-755-6281",2),
("derrickdowns@shannon.com","Andrew Brown","esFWnaYer5n","001-499-244-7638",4),
("lperez@thomas-ramos.biz","Travis Hawkins","0nZgTlG3XeSH","1517467349",4),
("jennifer53@hotmail.com","Edward Jones","sY5mAv8JYIk25oz","(312)291-2278",5),
("gregoryalbert@griffin.com","Sarah Moreno","aUYxlgX1PqA","676.828.2770",2),
("biancadavis@daugherty-nixon.com","Andrew Fowler","xN1Zr7OmR","+1-632-868-5792",4),
("joseph32@richardson.biz","Jorge Soto","yiamCLmiZLX","995.435.2965",2),
("nhill@smith.com","Joanne Pearson","bboKZ7kjOYlg","392-267-1673",4),
("rprice@clark-huff.com","Damon Logan","TsEwLSNM2ZIsDXB","222.963.1756",2),
("barbarawhite@hotmail.com","Crystal Nelson","A7QxvZ8PcDR2aJ3","952-776-2785",5),
("williamsstephanie@gmail.com","Karina Rasmussen","kbhwBKWo","(368)348-6505",5),
("allisonho@malone.org","Gina Moore","Z2b6EBnL9","594.559.0379",1),
("audreysmith@gmail.com","Christopher Fernandez","OY43iWYOOC","419.935.8059",1),
("oduran@gmail.com","Jesse Taylor","ioZBSzPtneQC","299.714.5929",3),
("tiffany66@williams-fisher.com","Misty Norton","t9D9mRhmy","615-359-7547",3),
("hannahwilliams@yahoo.com","Amy Wood","DrkoHE13BcBwr","001-488-433-8844",1),
("karenwilson@gmail.com","John West","xv5qrpygpOBQJ7n","3052253224",2),
("nbowen@yahoo.com","Melanie Mcdowell","WO8cPCDTZO","939.423.2988",2),
("youngnicholas@grant-williams.com","Michael Alexander","YHJ488WrbV","+1-745-079-3236",5),
("usmith@hotmail.com","Kristen Long","DTdpUvHIm","+1-344-038-7988",4),
("michaellogan@aguilar.com","William Valdez","wNlAJ55xwu","+1-542-255-5627",3),
("xperkins@ferguson.org","Tina Willis","40twZadRrnDYML9","447-180-2751",3),
("xwhitaker@ware-nelson.net","Jose Johnson","Z7scVuqo6DEUI6","(043)622-4849",5),
("collinskelsey@yahoo.com","Felicia Day","1wjcLR1q7B9","001-679-544-7498",1),
("espinozamichelle@cole.com","Sheri Marshall","hxYpwidQS8yTAJ","+1-585-956-2571",1),
("charles78@lawson-gardner.com","Robert Sloan","YJuflaLknyrvXb","+1-463-093-2191",5),
("ericawalker@carney.biz","Cynthia Jones","oSSRWkpWl0","750-751-1592",5),
("whiteheadmark@young.biz","Joshua Smith","8drnJU4Uk","001-649-050-3935",5),
("imanning@hotmail.com","Kathleen Bruce","DZk52pcoC0Wn5","378.579.2572",5),
("bradleystephenson@gmail.com","Charles Evans","xR2GL8s8D","722-831-5270",2),
("michellecollins@gmail.com","Raymond Chase","C3e3Wb31uckeqF5","0095366672",4),
("richard74@weber-walters.com","Duane Tran","iLws93va","+1-930-395-3013",3),
("ljackson@yahoo.com","Jeremy Michael","xGqnbJcWrvSMai","(211)098-9357",2),
("kanegrant@hotmail.com","Gerald Graham","bEeSIaBuHbWdN","(909)510-6867",5),
("alvin44@gmail.com","Marie Davis","ncvmamdPq","955.127.4060",4),
("loriburns@yahoo.com","Marcus Bonilla","oNe9Zh3tYsRZP","001-594-899-2155",4),
("cindybutler@williamson.com","Joan Harvey","pFAPnieZbwaxsS","921-564-5006",3),
("waltonjoseph@grant.org","Ana Maddox","SWtq4oInCtVTCt","(331)653-0813",5),
("candice20@thompson.com","Katherine Harrison","DOOA50E2iVvwO1","(746)299-2682",3),
("xcarroll@gmail.com","Elizabeth Case","KHbIFMTm","(490)938-5847",3),
("kirbybrenda@yahoo.com","Justin Acosta","5K9ZrH3rKSt","156-520-6152",5),
("teresarobbins@sanchez-smith.org","Lisa Wilson","Kwr3byMaWO","075.794.8566",4),
("allenlisa@vasquez-williams.net","Christopher Dean","zN0GxU2aEqQ0","412.171.1634",1),
("irose@hotmail.com","Charles Henson","R37fQZlKxvCH9","+1-639-838-0330",5),
("jordan53@oneal-ford.com","Jacob Perez","TMFMbufYBj1","1242739495",2),
("jane29@ali.com","Michael Romero","B8StO5TBDop","001-660-023-8204",4),
("tmann@santos.com","Walter Hernandez","6Hi141MslTTv4","699.891.7683",2),
("tnorman@williams.com","Shawn Clark","QGXRmuV4Qy1G","608-718-9645",4),
("jillianchristian@yahoo.com","Alison Schwartz","SRPZ3zR3h","216.455.1967",1),
("woodcathy@gmail.com","Anthony Savage","zf11zFnJ0vQ8","(286)780-6447",3),
("judylewis@friedman.com","Tyler Bentley","GgcOXBeyUKir","948-486-8696",3),
("jacob08@knight-brown.org","Annette Cohen","np0BoeLSkQL44a","+1-537-248-6499",1),
("hollymercado@rivera.com","David Schmidt","cvSfHqsDKViy36","555.928.8723",1),
("perezkevin@parks-sutton.biz","Joseph Haas","zfCZ1TkjHV3LaBW","238-957-4058",2),
("brendajennings@gallagher-rogers.com","Lisa Jones","zNPiUyPf27Iqr","001-099-281-1170",3),
("erinjarvis@yahoo.com","Anthony Huerta","5CLT3cYc","(224)668-2185",2),
("rodney07@gmail.com","Adrian Valdez","lJ3myC5BbNr6rM2","+1-726-742-5945",1),
("amanda25@hotmail.com","Tiffany White","3X77LDw6hqkNmTT","001-327-300-6510",1),
("rquinn@hotmail.com","Craig Hart","4OzlCpDgjj0wH","001-634-588-4627",1),
("ladams@long.net","Robert Franklin","AXmYjoP6CPartCb","001-099-318-3397",4),
("lisagilbert@wall.com","Charles Calderon","TA6Pnb3HD","9744218668",4),
("fwarren@cook.com","Brian Washington","hvvsnvSInoR","390-231-0398",3),
("carmen23@morris.com","Timothy Macias","m1azTHCKaISh","+1-637-323-8780",5),
("icarpenter@hotmail.com","Lisa Crawford","DQ4jkzH2uYqtF","925-796-6910",2),
("yluna@gmail.com","Daniel Johnson","qVvBzPSAN","328.813.1923",5),
("ianarellano@yahoo.com","Nicole Martin","MWY7YiY4yILe","001-444-380-6915",5),
("kimberlydavis@burch.com","Brenda Russell","q2QB4tHqaa4K8","151.206.4124",1),
("ahernandez@hotmail.com","James Sharp","HdD19alkIYJ0","141-865-7073",2),
("elizabeth49@hotmail.com","Brenda Morton","8AeUNq09CSy","+1-857-520-9046",2),
("aanderson@gmail.com","Emily Hall","Vuek4GEKEHK","429.575.8733",3),
("bennettholly@hotmail.com","Casey Ramirez","nZcZuDP9eWgiy","103.666.1751",2),
("xgallegos@mcdowell-cox.biz","Cody Romero","o61WQ2CRD3qm","875.186.0101",4),
("jasonparker@hotmail.com","Casey Harris","JSDbX8IRY","933-215-2802",4),
("johnpeters@baker.biz","Brian Thomas","FpRM89jx2","309.499.8626",4),
("osmith@jones.net","Brianna Villanueva","s5oWqxQV","242.947.3983",1),
("ereyes@yahoo.com","Sara Cross","OHfuJ9S5","7080929467",2),
("bryan89@yahoo.com","Michael Lyons","GAsUATnH7sXDys","8848824837",3),
("lfisher@young.biz","Jody Miller","T114Cz0zQLFim","035-871-8887",2),
("mcintyreevelyn@gmail.com","Scott Villegas","Rj35SgOuQSPC","(055)141-0999",2),
("longmichael@peterson.com","Kendra Hardy","plM7BbkL0i","(833)672-8264",2),
("kimberlybradford@yahoo.com","Elizabeth Harvey","V0ZoOgEj9aQCmh","(338)108-2068",4),
("marvin86@hotmail.com","Juan Rodriguez","EecD0oc7NPp","001-960-903-4510",2),
("jessicaglass@hernandez.com","Benjamin Hernandez","W8mP43z2n","+1-183-524-9008",2),
("sanfordjeffrey@phelps-rodriguez.com","Eric Cruz","gRdXvqi7z","886-294-3052",3),
("cherryjames@holmes.com","Eric Rice","QDtfBK797ry7APv","997-420-1958",5),
("moorerebecca@gmail.com","Amy Hull","0xUBZSQHT6TR","749-710-3799",1),
("cle@bailey.com","Erin Davis","8dFhkX1Z7ptk","(925)422-9718",1),
("michaelramos@hotmail.com","Edward Mack","Gr30dhHzGBAX","+1-183-728-8487",2),
("jasonwilson@torres.com","Nicole Nunez","d2pjUkaCK3","(269)945-0711",1),
("wdickson@gmail.com","Pamela Mitchell","pbM6kLLUguc","2154987760",2),
("moniquerobinson@hotmail.com","Jennifer Aguilar","bargUcLZNkX3tWn","001-676-036-5490",3),
("ejones@williams.com","Ashley Bullock","55qPjHM8cws","254-263-9930",5),
("robin03@gmail.com","Krista Jones","7Y5jxs3baznoVYs","558.116.0101",3),
("jared90@gmail.com","Wendy Aguilar","8q0vBOTp","4898317130",3),
("kevin32@yahoo.com","Lawrence Rose","Svuh4nSFR3QV","701-921-7129",4),
("rchambers@brown.com","Wanda White","9OECcizc","439.022.7270",5),
("jeffrey70@hammond.org","Brittany Brandt","t5cBgtrriPGOO","(445)092-2818",4),
("hdunn@tran-diaz.com","Todd Reynolds","teyVnGi9qYAi","551-535-9305",2),
("bryantsarah@gmail.com","Lindsay Reed","BpvUT3MRuyC","135.130.5543",4),
("victoria36@frye.com","Michael Anderson","rTNlZudYy","365.944.7765",3),
("tracy94@rodriguez-jones.com","Charles Powers","ThvTdfRk3s","260.909.2119",5),
("pmartinez@everett.com","Isabel Parker","sG3WvHMkBAzoCGM","+1-797-181-4489",3),
("vkeith@wells.net","Lori Martinez","TRUsVgKpTCMAk","8680318635",4),
("carl84@francis.org","John Chapman","66GKXpvDSq40","410-753-5413",1),
("dthomas@russell.biz","Ralph Moody","cnPSxKZ6axi","+1-518-625-6052",4),
("michelle26@gmail.com","Anna Reynolds","MgVkIoy1","+1-619-586-6828",1),
("fhunter@hardy.biz","Kenneth Williams","aZlXZKqMcjdNoU3","9202480579",4),
("barrjonathon@garcia.org","Lisa Daniel","hT7SaMUvZ7","+1-815-532-3499",4),
("millernancy@hotmail.com","Michelle Jenkins","DAiYuWTqqbqi3D","001-344-324-0534",3),
("dvillegas@hotmail.com","Jennifer Diaz","JOLxGOf3OPUN","(803)028-2046",5),
("bakeryvonne@evans.com","Amanda Lopez","DUgXLGMk","+1-514-318-0384",1),
("reginald52@schneider.com","Christopher Cisneros","p9qhugZlyUAaqiq","209-988-0807",3),
("yli@bass.com","Mitchell Pierce","rBMYFpi5fFE9g","555-195-0739",5),
("johnsonkathryn@gmail.com","Ryan Melton","BqoIVAKSn","576.528.6684",3),
("theresasanchez@yahoo.com","Jasmine Martin","FP1qVUAp3byPdaL","(043)354-6102",2),
("georgebrown@hudson.com","Jeffrey Hart","tYWtoSOte5bjR9","929-381-8100",2),
("lmcdaniel@yahoo.com","Jessica Gonzalez","w6PEN3OvtPtHdUx","+1-855-381-3075",5),
("michael83@hotmail.com","Brandy Wilson","G0jXZ2xyTHGv60","001-468-437-7313",1),
("stewartkelly@gmail.com","Kimberly Maddox","rOFtJGXc0fz4t","833.259.3099",5),
("mayswilliam@hotmail.com","Pam Ball","LZqq89ZeHgJT","380.249.7933",2),
("amandawilliamson@harrell.com","Dana Orozco","IIBc5AHiWa4oxiJ","098.219.9252",3),
("donnawells@jimenez-young.org","Charles Brewer","ChtqJwM8BVAV","(490)105-7062",3),
("daniel47@gmail.com","James Love","7UG5oUhMKQc2yE","566.135.5180",5),
("lisajohnston@hotmail.com","Chris Lee","PerXH6ZtzDp","+1-836-946-3617",2),
("samantha89@baker-mccarthy.net","Paula Brown","pseDgGp8xK09mi","(948)215-8429",3),
("valerie14@hardy.com","Susan Wilson","y5XiuepN6PW","8790601183",2),
("sara60@huff.org","Deanna Martinez","tubA9y71ZP","933-422-7295",2),
("iellis@lee-brooks.biz","Brian Miller","oTfx8kvqb7ww63","001-458-530-5547",1),
("jaredwalton@perez-cunningham.com","Betty Underwood","GquSYMMt","813.504.1973",5),
("iwilliams@gmail.com","Jeremy Logan","6sKFbrVPh","001-640-118-8306",5),
("qswanson@clark-jarvis.com","Chris Navarro","jKHRk8m0YtRa","001-745-970-6704",5),
("wisejustin@yahoo.com","Kim Ramirez","Kft65XEJQ4p9og","613-315-0298",2),
("kevinpeterson@chambers.com","Steven Braun","gIUEZ9GHphHr","(795)603-1313",2),
("eric58@gmail.com","Rhonda Sanford","BZz6HiU2pfiELgN","001-976-539-1854",5),
("ujohnston@yahoo.com","Richard Johnson","g78YRHPTAI","(352)203-7324",5),
("angela13@gmail.com","Gregory White","Xf3DYQG3G0sgeF","001-188-549-2475",1),
("christine75@campbell-baker.com","Bradley Norris","vSturvey","(364)931-1777",5),
("ramirezmichelle@snyder-wagner.com","Joel Mathis","CoCR0bUZKwStn7","2795464453",3),
("ajohnson@martinez-boyd.com","Oscar Reed","ksd8YTvH","676-875-8289",4),
("whitakerlouis@gmail.com","Nancy Patel","tqUOMdv4OfpOatq","+1-767-742-4815",1),
("ashley23@yahoo.com","David Booth","tfWwDfAfXx7","947.123.3824",1),
("carrie39@hotmail.com","Jessica Tucker","63WfoJzmV","720.953.6203",5),
("christopher79@hotmail.com","William Black","HWkCF16vRrkb","001-774-366-2767",4),
("xbrown@howard.net","Robert Hale","yPNBBCnPP8vh9","051-948-9847",2),
("kayla18@yahoo.com","Paul Chambers","3Y6KCcwDwEZg3o","071.716.7712",2),
("chandlerrachel@lee-murphy.org","Brandon Silva","b5c7i61LYJQZ9N","540.736.2048",3),
("jessicalewis@rosario.com","Natalie Robinson","D6KrtkiANLYo","2225497187",5),
("robertayala@gmail.com","Nicole Gonzalez","8ZHD9Y3mQgk","+1-580-628-7495",2),
("terryhensley@figueroa-farley.biz","Nathan Brown","MsozUfbHvoqwIHh","7208303564",3),
("andrewponce@stephenson.com","Laura Owen","NDDSM6CT8dfH","546.318.2673",3),
("clarkwilliam@cohen-watkins.net","Jonathan Douglas","0NcLFiQt","595-546-9721",4),
("uhouse@hotmail.com","Alisha Tran","dHqfDq6Lo","+1-684-756-0353",3),
("elizabeth59@allen.com","Alec Everett","tlZrwqeLCW","(194)979-7344",3),
("jgonzalez@gmail.com","Caitlin Walters","Kqid6AE3","147-913-0345",4),
("xpayne@weber-young.com","Dean Lee","D5kFLxnDSQ","3148954390",3),
("acordova@richard-stewart.com","Dawn Cline","fnjlzLnQW3rnv","001-865-258-3034",3),
("jeffrey71@johnson-white.com","Kelly Thomas","Idclt6YF2","953-501-4584",4),
("gzavala@gmail.com","Pamela Townsend","BxQwLsjywOp","443-503-3658",3),
("salaserin@smith.com","Heather Spencer","MmEdJD60","001-849-419-1126",2),
("schmittjennifer@torres.org","Logan Mccann","gt8atRlJBEc","820.268.0412",2),
("riveradavid@gonzales.com","Michael Williams","1Nj2DF7OHRAQh","967-525-2031",2),
("hnewman@gmail.com","Michelle Parker","RlPUuFC51DzGy","2675735659",1),
("amymitchell@hunter.biz","Virginia Mendoza","VyE2xPNHba","001-891-353-6013",2),
("bryantzachary@yahoo.com","Justin Olsen","Apzzhp2O","613.383.5646",4),
("frazierzachary@yahoo.com","Jason Hall","zIbTFMcCScqv","001-997-750-2448",1),
("ubarker@king-ramirez.org","Karen Cline","FRaG7eoEcRu","001-776-303-7934",5),
("greenekathryn@curtis.com","Carmen Guzman","VoxUT3istb","(281)728-8175",3),
("melissaphillips@cox.org","Charles Mills","hW9P9a8Zev","710-477-0321",4),
("sarahwright@henson-barnes.info","William Stark","odFqr6kwfD","099.487.3553",2),
("jessica24@hotmail.com","Jason Harris","94OV2qLWRaVYz","001-266-499-1736",1),
("davidmoses@gmail.com","Robyn Bell","ipuhaFdD7","0392242803",2),
("johnsonmichelle@mcdonald.info","Jamie Peterson","iaz6gABGL","+1-297-068-9302",4),
("jasonwright@curry.com","Edwin Sanders","iUKbFc5ZqHqmt","777-823-7003",3),
("parkscatherine@robinson.com","Elaine Wong","iYCTnoSPV","759-459-5067",4),
("riverageoffrey@huber.com","Gina James","4fOSa0m5lzS","001-600-182-6903",2),
("ricechristopher@yahoo.com","Erica Wilson","qd3sstPchjaECd","532-381-6672",5),
("juliecopeland@yahoo.com","Kenneth York","SmHzzk4KFFk","885.446.0348",2),
("coxann@holden.info","Christina Turner","jf6bOcyZnR","+1-211-050-7092",5),
("zcooke@hotmail.com","Christina Morgan","IUq9MyGKLkM4A","042-408-9351",1),
("chris58@gmail.com","Richard Decker","bsuPqEQguf","(185)792-6015",1),
("jeffbenton@hotmail.com","David Baldwin","6xDksfxT9lrrEPx","802.142.7124",3),
("barrettrebecca@pope.org","Jamie Mcintyre","il1sNklOB","+1-476-719-2475",3),
("kimberlyross@berger.com","Michael Roberts","btK6ziYDy","437-176-0443",1),
("brandimorris@oneal-baker.com","Diana Marshall","rreLeIWoGXmT","001-083-096-6938",1),
("mdavila@hotmail.com","Kevin Williams","E0l7iNxMDayd","3086276853",3),
("ltate@meyer.info","Jamie Park","XNYmVZpNu","897.779.5663",4),
("ronaldflowers@nguyen.com","Melissa Coleman","M25P3fFbFkL4b","(990)540-2540",2),
("lewispatricia@turner.info","Johnny Lawson","AnUY9Ma5","233.664.5926",3),
("ddean@yahoo.com","Mike Edwards","XZ4lIDTeAiQ","121-887-3280",2),
("robert22@sherman-hudson.com","Carol Ford","56V3dMH82ifs","7478665612",5),
("wendy77@lambert-coleman.com","Roy Bennett","1fdJ4DG0","+1-344-195-8082",4),
("johnjohnson@gmail.com","Sarah Jones","SosEpecqs6TGRR","001-976-886-9961",1),
("lstewart@adams.com","Aaron Bowers","yI8HL5zFHj","160-892-0958",4),
("foxleah@ortiz-richards.com","Jessica Williams","MvGqgTRnfewS","972.667.5276",2),
("eyoung@hotmail.com","Kathy Matthews","h6Zp9zjbm3","001-295-976-5146",5),
("heather84@powell.info","Marcus Woods","VQGruKb2ZD","703-947-4039",5),
("odavis@terrell.info","Joanne Stevens","V1ibj6NJJ9at","(351)765-5400",4),
("sjackson@gmail.com","Alexandria Andrews","x5pAGNAttNVShQ","+1-713-335-4528",5),
("julie16@sutton.com","Mathew Fisher","IrKoQnpCP","(341)825-3002",3),
("kimberlypierce@hernandez-young.com","Kimberly Perez","fDuixf7t","781-385-6486",5),
("moorejason@gmail.com","Eric Hernandez","FFEJTTRG","001-983-196-4998",5),
("pamelasampson@gmail.com","Courtney Pierce","orvZarieRK","109.416.7199",2),
("gillbrandon@mcbride.com","Leonard Jenkins","j3GxTdQVfj7","001-911-074-1271",4),
("michael38@hotmail.com","Gabriel Hamilton","miHUyTHURv","950-661-9581",5),
("qdougherty@williams.com","Mark Murphy","SEB15pTBYmEcxS","7912449372",1),
("jeffrey06@estrada-armstrong.com","Clinton Smith","Srd2IJSkqW0k","783.046.0304",1),
("kallen@gmail.com","David Gonzalez","lnXZn2r5","(831)360-2606",2),
("kathleen30@gmail.com","Alexander Chung","yKKcg69XkyNwR3","437.795.8005",5),
("terryaustin@delgado.biz","Elizabeth Mills","QhDi9F7x","001-687-483-4489",4),
("tshepherd@powers.com","William Harris","9D4mJDT2","(957)550-8561",5),
("jennifersimon@yahoo.com","Logan Bond","z0L9stQpM5G1f","+1-065-147-6479",5),
("juliachristensen@white.com","Denise Swanson","PMeaFK06r5E","673-410-6234",2),
("cclark@hotmail.com","Thomas Cunningham","ZWklFO8b0XXy","(217)623-2236",2),
("imyers@gmail.com","Ashley Montgomery","1n8FgOBRleO4","5603928942",5),
("andrea74@gmail.com","Scott Clark","6yR0bETeTNZQ8","5853982777",2),
("hardingmichael@yahoo.com","Lorraine Russell","b5ihxohvV8Sqw","141.047.0457",2),
("crystalbrown@hammond.biz","Amanda Martinez","HSnHFAPfbp0dh9z","875-711-3502",3),
("scottconley@hotmail.com","Dillon Gonzalez","GhQA4VI9cecC1HR","0520194704",4),
("raymond64@gmail.com","Kristine Montoya","BJYW6zgq","+1-612-122-7981",4),
("ronaldyang@allen.com","Sandra Lewis","jVnhwksFPHa","765.817.7757",1),
("jmartinez@jordan-carter.info","Daniel Clarke","iIZG5J4Z1KDj","393.215.9293",4),
("jamesroman@williams.com","Robert Guerra","npXdYqlLqUb","+1-129-074-0335",2),
("arellanonicole@griffin.com","Amanda Jacobs","CeB2ZxFAWsDlQl","(327)709-8538",3),
("xgarza@wise.com","Richard Owens","BwLsm6rV20Ltq","480.130.2232",3),
("amccormick@gmail.com","Rhonda Lee","i2YSNWnmOIua","373-692-1177",4),
("pmcintyre@pace.com","Shannon Mcbride","C2TWpbPKZF","+1-994-071-5665",3),
("christopher11@yahoo.com","Kaylee Dougherty","B7FFE3GVrGY","001-108-246-0946",1),
("destiny38@yahoo.com","Joseph Jones","fZip70pdUAklvL","(874)873-3189",4),
("pittsjessica@fernandez-cantrell.info","Sean West","1gmjIoctl","969-829-8285",1),
("bthomas@pena.org","Todd Richardson","8KU6pdDa","(498)161-5031",1),
("melinda21@andrews-chaney.biz","Daniel Thomas","cjeK62j2RY","+1-342-185-2744",1),
("lisa41@cook.org","Joseph Montoya","18EknEDELgcP","919.187.6676",2),
("reedgeorge@rogers.org","Jeffrey Vaughn","4jxuuWSs7cIM","+1-327-789-8480",5),
("bellalexander@dixon.com","Wanda Wilkinson","ANeu0PDh12grfvu","244-511-3956",4),
("mcculloughangelica@hotmail.com","Charles Morris","uMxQ6lXygUf8a","934-962-6491",2),
("laura11@davidson.com","Melissa Gonzales","V6dF2Qhk0HoUn","315.096.9847",1),
("andrerandall@davis-ortiz.com","Anna Franklin","Lrr4lrKm44","4053365917",2),
("nhess@hotmail.com","Katelyn Norris","FVppEbMa","351.524.5317",5),
("rbates@maynard.biz","Brenda Taylor","537JXUuHs","+1-594-422-2883",2),
("timothybest@gmail.com","Julie James","xYxjtz7tlK63A","488-917-6143",3),
("treed@small.com","Gail Matthews","amlY6lY5J","692.183.5996",5),
("brettjuarez@walker.org","Frances Medina","N0sSHfjd2a6J","(500)760-1825",5),
("felicia65@hotmail.com","Stephanie Carrillo","2kz9DGuzRPwg","(136)229-1415",2),
("carolthomas@hotmail.com","Kimberly Walker","bdvSRivuqhK","995.338.2560",3),
("mckenziecharles@hill.com","Susan Walton","vqK4YixMX","+1-523-112-4811",4),
("langlaura@gutierrez.biz","Jamie Miller","VtIEozw4oiqXvc","1014169238",3),
("steeletonya@gmail.com","Alexandra Sims","PYSJGwwTmv1","(859)408-7441",1),
("austinandrew@hill.net","Daniel Holmes","EELV3jzzHJj","001-886-030-6006",2),
("bakerbrian@chavez-brown.com","Jeffrey Richardson","MPiF075u","194-726-0305",1),
("pattersondeanna@lang-novak.org","Ryan Rogers","kBDCMQ82hn","+1-312-697-7553",4),
("jpatel@young.org","Tammy Hawkins","Opa79Ar1VjFxrF","+1-234-492-7620",4),
("richard53@hotmail.com","Daniel Contreras","rKIJPD5wsQ2Fcd","345.678.0600",3),
("cheryl85@rose.com","Nicole Burton","8x5qpjTKyTWND","741.624.7615",3),
("pstephens@hotmail.com","Mitchell Brown","wWeWH3CoZZGUh","(052)692-7908",2),
("nicole57@yahoo.com","Edwin Gray","7sHsZyQtws","001-709-572-2219",5),
("smithrebecca@gmail.com","Ernest Burke","onFdJ4Zn0U","(405)988-2729",2),
("rthomas@yahoo.com","Claire Carter","xppERStVOhJ5lfi","383-777-3054",3),
("ehoffman@gmail.com","Dominique Woods","DCLoEHMgjkL","547-621-4421",2),
("micheal46@gmail.com","William Fisher","OSTXzH4GEKv","(795)997-3013",3),
("howelleric@french.org","Darren Lopez","2BGlQZNDJMD6S","+1-859-195-3406",5),
("porterdouglas@yahoo.com","David Meyer","iCXWHiBKv","+1-054-082-0586",4),
("walkersamantha@gmail.com","Megan Reid","oSxtkW1MNDEr3m7","+1-463-749-5732",5),
("joseph37@hotmail.com","Nicole Williams","Uhq4nMEten0","861-512-9178",5),
("anthonygamble@keller-woodard.biz","Andrew Adkins","2tZiV9dhaUoBK","766.812.7957",4),
("idawson@yahoo.com","Melinda Alvarado","ow1bgWtzjlAOqT1","202-199-1989",2),
("kanewhitney@yahoo.com","Jessica Wilson","XhZxsDmNfGT","134.866.9560",1),
("whudson@hotmail.com","Colleen Chavez","RNgolYHWdlw0a","841-419-1887",5),
("jjackson@yahoo.com","Travis Liu","k4nbm2zE","(491)460-2193",2),
("novakjenny@jones-dyer.com","Erin Barron","cgb02dfmcGtOn7k","609.762.0289",3),
("christina92@hotmail.com","Melissa Daniels","ube25zc31esp","(144)500-2665",2),
("knightjoseph@gmail.com","Sarah Mcmahon","0H7MIUquySV","900.981.8895",2),
("lucas88@hotmail.com","Lauren Reed","ungGY8Ixfw","+1-472-479-3507",2),
("prattdiane@parks.com","Edward Dixon","AsbmGA3t","+1-812-253-2526",1),
("callahandiana@smith.net","Sharon Sims","NxZ3xyef","001-606-767-3296",1),
("justin97@yahoo.com","Martha Moore","xq32bt782EJG","8011585811",4),
("karla63@gmail.com","Jade Simon","7YODHHkbej","769.886.3171",2),
("jacobrobinson@yahoo.com","Michael Fritz","Y4sBv8tzorA","701-037-1665",3),
("edwardskaren@gmail.com","Jonathan Powers","qbwsnFBzY5b0m","086-371-4365",5),
("turnerfrank@yahoo.com","Patrick Greene","AGs5rD7s6","(454)833-9249",1),
("matthewschmidt@green.com","Joshua Hardy","Ahs15IDI","809.492.1330",4),
("clementspaige@harris.org","Eric Perez","dUKZVgYwqDyez","001-098-692-2185",3),
("scottanderson@gmail.com","Brandon Parker","EILTWQ94jbMp","894.029.6702",5),
("taylortricia@yahoo.com","Isaac Jones","mfXGNwHll","+1-689-890-7549",3),
("thompsonapril@todd.org","Andrew Case","ntJ0gv1jkVnt","001-731-372-9829",2),
("bpeters@leach-graves.net","Mary Shelton","8aRFKK4EkQAsy5p","(273)561-0929",3),
("robert65@griffin.info","Matthew Barnett","rrpsYSjPUX","(497)067-8885",4),
("kylewashington@rhodes.com","Adam May","Ok6rD9u4W3","723-773-7431",2),
("laurawatson@gmail.com","Roger Wright","5THijd3LfGzGx84","+1-074-689-7354",5),
("esandoval@torres.net","Mark Gonzalez","7cc4s2EAcJOYB","(182)448-8054",4),
("brian20@gmail.com","Amy Smith","YGUlrRtyLk","055-706-4114",2),
("cameronnelson@robertson.org","Ashley Williams","MqcW1Yf6J","+1-924-633-2808",3),
("donna88@crawford.com","Shannon Owens","RKKd3M8aK2m","874.828.2534",5),
("chenfrancisco@sanders-reynolds.biz","David Ross","nH5b3jT1eflT","001-482-064-9027",2),
("sarahgomez@bush.com","Michael Scott","SjxiLG4DZg","+1-909-145-8827",2),
("scottwilliam@morgan.com","Patricia Weaver","MJiAAUSx","001-470-795-8735",1),
("gabriel34@mclean-morgan.org","Tina Cooper","uDPO3TTDWjAUKw","001-632-571-5278",5),
("james83@harvey.org","Adam Estes","gzjxbZ4Y","797.653.5316",2),
("jimeneznathaniel@yahoo.com","Hannah Flores","8FM2xSu1an5","8862072013",5),
("glenn30@yahoo.com","Allison Scott","CeSo6ALFs","001-775-989-3878",1),
("ngonzalez@gross-herrera.com","Tony King","ei3hR2is75P","262.261.1934",4),
("uroy@michael.net","Bill Williams","KlEFmLaazQDq6J","484-765-4873",2),
("kellymcgee@fischer.com","Louis Mills","gKA607p2B68","001-872-958-7472",3),
("fandrade@delacruz.com","Donald Wilson","cwtF6Icw6GLU5hu","007.922.6204",2),
("zkerr@gmail.com","Paul Berry","QiAH1u8xsQwQQSM","7220092884",4),
("stevenwilliams@nguyen.net","Amy Harvey","gX1GF00iXVBUmNK","001-228-296-7585",5),
("james41@castillo.net","David Moore","HzDcmZvWR","+1-266-184-0335",5),
("joneskrystal@williams.com","Elizabeth Lee","Vqi66w8JX","125-495-1354",4),
("pearsonsarah@gmail.com","Jason Boyd","uXiVBkdl","217-424-0208",4),
("lmorgan@taylor-armstrong.info","Kelly Robertson","M5FiHr5TS2P","(263)693-8892",5),
("xsmith@hotmail.com","Shannon Brown","RTxTqDej","+1-038-860-1223",1),
("dmichael@hotmail.com","Emma Hicks","qde0G5iK4vzK2","178.218.5534",2),
("holtzachary@buchanan-hartman.com","Stephen Vazquez","wuwSHkdM3vKz","+1-235-708-0335",1),
("qhendricks@travis.org","Michael Herrera","u6zXwomQU","5004485031",4),
("xperez@yahoo.com","Stacy Jones","N1b6duMhBIpWK","8878612490",4),
("jillbrown@farley-wood.info","Maria Rodriguez","6GdeiycI","1242635045",3),
("danielsderek@gmail.com","Natasha Beck","PrpOwgbAt5","(197)318-0130",4),
("mikedaniels@hotmail.com","Bonnie Massey","tq6DyI7ia","(348)097-0349",1),
("kevin37@huang-smith.com","Taylor Garcia","D77R7oOW","001-384-978-4421",3),
("randysmith@gmail.com","Elijah Monroe","wkPwZZVyhVe","568.830.6972",4),
("omarsharp@gmail.com","William Jimenez","l5OKJkMF4FK","269-386-2474",4),
("obrown@yahoo.com","Gregory Clark","wsn7NJDGfyg","(983)941-9950",1),
("larsenwendy@gmail.com","Henry Lewis","MDpGBtuu0r","(082)113-3034",3),
("laura86@patton.info","Evan Holt","bPGJh5zNvTx","1972743817",4),
("chambersthomas@chavez-kelly.com","Joseph Reyes","dLeiVcc4KRAf","(018)112-5194",1),
("clarksean@le-smith.net","Jessica Gregory","SrKoqH0WdBz90O","677-716-1344",2),
("williamsshane@hotmail.com","Timothy Fitzgerald","CcvSs8LXbMYf","+1-495-301-9105",2),
("hodgesjoseph@yahoo.com","Felicia Lambert","DxP6arzi1ipEB","482-424-0202",3),
("haasjames@phillips.info","Cheryl Schultz","XmIq9SVqG","703-558-4988",3),
("martinroy@gmail.com","Kevin Atkinson","1GQDOkZSkwK5XnD","001-754-459-9156",3),
("jdavis@gmail.com","Shari Cobb","ElwwTgwaZ0","629-764-2048",3),
("gclark@cunningham-grant.info","Collin Salazar","XS6kTPq6rUhs","883-711-1111",4),
("jgordon@gonzales-hanson.com","Robert Dixon","DPfHJLnVBOvdeh","001-404-440-6690",1),
("holsen@long.biz","Benjamin Martin","MV0Hk1gJz","738.353.4202",2),
("rmclean@lawrence.com","Michael Mosley","LitpBvaBF1t8","001-908-956-3831",5),
("laurarodriguez@diaz.com","Deborah Hoffman","P0W18KcXOf02e6","(235)154-2323",5),
("clewis@harrell.org","Nicholas Mcdonald","1gkOayFu","650-175-2291",4),
("nchase@stephens.com","Timothy Whitaker","Qb5mszx5YDeTv","323.196.8747",1),
("angela79@hotmail.com","Tiffany Henry","nUgy6e1RMgOayy","+1-229-143-0367",3),
("pittmanfrancisco@gmail.com","Kristen Combs","UtYyeTAK","001-785-428-1724",5),
("anna71@yahoo.com","Debra Huynh","hvKIYb5gFGT","6877236879",1),
("jasonbeasley@hotmail.com","Christina Good","kxb8eTfuiF","290.432.5156",1),
("xhenry@gomez-johnson.info","Kathleen Miller","7KG3zTnfSX","(320)205-2559",4),
("timothymiller@brown.com","Kenneth Mclean","umfUgbYUCk","(784)970-1287",1),
("anna34@mcfarland.info","Kim Sanders","r5GPy5RqdKumU","460.209.2852",3),
("christopher91@martinez.com","Mark Cunningham","GNKCAlQVq0vY","(938)540-7060",4),
("christine24@todd.biz","William Moore","qLzAJYtsxVmduGa","001-691-709-6385",1),
("utaylor@lawrence-gray.com","Samuel Turner","Ov4uHHkEQ4iE16","0295024935",5),
("whitemichael@acosta-edwards.com","Laura Lara","TY5rLTFogkjc","5644438776",1),
("ysweeney@gmail.com","Mary Cook","68tCcf71","(875)864-6786",2),
("robertpatel@yahoo.com","Kevin Stevens","mgctLOXAkBoN2","(901)334-0046",5),
("sandy44@hotmail.com","Mark Odom","ZI5CiI5hWLZIIH","409-968-4025",5),
("michaelshaw@wright.org","Cindy Price","w0A3Hlv9","275-168-4035",4),
("yjordan@davis-cruz.biz","Ryan Martin","JDjPKdSS","+1-681-919-1051",2),
("nelsonkristin@yahoo.com","Victoria Dunn","0b2ASC9fn7nKcr","(631)296-9033",5),
("kking@gmail.com","Susan Gardner","D03DcNtIhce","(436)413-5733",5),
("dmurphy@lopez.com","Annette Cunningham","cHtMfZ8T","+1-909-920-7900",3),
("williamsnancy@burnett-velazquez.biz","Laura Lewis","BiO1GKXjC","451-635-1180",4),
("rcrawford@cardenas.com","Kevin Hanna","CzLZb7lSTdlSJ79","001-838-645-4390",1),
("stephanie89@harrison-wilson.biz","Sarah Barker","XUgkSlPa0dhg5","538-325-4256",5),
("owilliams@higgins.com","Micheal Myers","6YVAwWN9pjbbw","994.060.9190",1),
("teresatucker@hotmail.com","Jessica Carpenter","sV9Jz6rRRCTL","666.710.2194",3),
("singhgeorge@ross-joseph.com","Jonathan Mejia","ignajkOOwrxk","+1-143-837-4536",4),
("jamesjackson@yahoo.com","Stacy Cummings","lOn7CvimkIZFei","060.269.2489",2),
("daniel89@hotmail.com","Craig Thompson","sAUf8vzcqt","+1-463-295-9901",1),
("levylori@hotmail.com","Thomas Bray","GFWip5oz","+1-116-518-2535",5),
("kelly98@winters.info","Terri Scott","BoPIt6FUgbPV4","148.872.4462",2),
("cmontes@meadows.com","Terry Berger","Zn98Y3r2OY","870-324-3341",4),
("williamtaylor@yahoo.com","Justin Torres","IoJ3IELB4XB","+1-257-700-7200",3),
("misty65@yahoo.com","Kevin Porter","1IETgjfYFgF4","560-924-2379",2),
("brownbrittany@elliott.com","Cynthia Gibson","1CtgaakWAfv","+1-714-006-6034",4),
("sarahrowe@martin.info","Elizabeth Perez","gqhZRhXmUEvXA","948-682-1787",3),
("ujenkins@norman.org","Lindsay Reid","gFIHNTSub","322.996.3727",5),
("kimberly64@brooks.com","Keith May","ChGdGDcimWA2gO","(853)963-0416",2),
("pbryant@gmail.com","Barbara Pena","z2ApOkgsh","001-768-989-0283",3),
("obutler@hernandez-nguyen.info","Hannah Frost","ipeNznw6D3yR2","(127)034-1442",2),
("elizabethharrell@gmail.com","Sheryl Rose","HxIpW2F7","966-183-7580",2),
("michaelrodriguez@gonzalez-cardenas.com","Marie White","Lsx4tGg0OYFX","(834)546-8953",1),
("darlenecalhoun@tucker-hoffman.com","Andrea Hughes","eT5WKSaTYMw7","708.627.9977",5),
("thomasnatalie@yahoo.com","Connor Gonzalez","iFeeGQFU","+1-434-349-6602",4),
("carrollsydney@hotmail.com","Annette Cox","8gOMHeSHNUeR","001-956-884-5311",3),
("fosterjohn@johnson-ramirez.com","Brooke Smith","5h9a0oyB","+1-545-846-1568",1),
("lee19@rosales-franklin.org","Edward Clark","vzmttBBMazLIF","6567541046",4),
("paulperry@combs.net","Lisa Gross","D9sheEPA2PKNMDD","(022)982-9137",1),
("garzadylan@gmail.com","Albert Hale","wWQWhoncffJ3OtT","(005)525-9906",1),
("matthewheath@hotmail.com","Cory Park","K649ZqAWjQ","001-905-607-0530",1),
("kevin20@trevino.info","Julie Cowan","9aH3qWqo241heE","043.558.7143",5),
("vincentwhite@gmail.com","Robert Carroll","4RTsFMIDrU7","2425572512",5),
("jsmith@patton.com","Mary Cowan","1mjlfxwjHSG1W","(897)310-3427",5),
("donald16@reed.com","Nathan Mendoza","e6yK4TqkURSrKo","(360)117-6639",4),
("mrosales@gmail.com","Peter Salas","yqWYKbwzfcy8Ml","001-031-139-0661",1),
("qcastro@hotmail.com","Michael Schneider","awarFFgu","308.801.3425",3),
("ojordan@gonzales-patel.net","Richard Davidson","xHWxC8LaIKhbIX2","001-567-125-7483",2),
("daniel88@sanchez.info","Nicole Klein","967DWdeqziqC","(506)300-9657",4),
("jessemorrison@stone-fernandez.com","Steven Brown","xoYKyjgzIV","236.297.8414",3),
("raymondelizabeth@thompson.com","Eric Palmer","Ay4Mp8rCi2ktDs1","(901)366-0916",3),
("kellymorris@yahoo.com","Kimberly Stevens","Eix3DjIHtzDw3h","(216)274-1402",1),
("josephbrandon@keller-chambers.net","Kelly White","Bgdx4JEkNmv6OQv","001-418-612-8988",2),
("christensenandrea@yahoo.com","John Barker","ZzLvRmpBVvW","001-154-030-7750",3),
("tayala@hotmail.com","Jeremy Robinson","OoiKTmFGE","001-519-439-8297",5),
("gmarshall@gmail.com","Elizabeth Porter","McQjElLOM0f8Dj","001-010-588-6205",1),
("smithdiana@gmail.com","Kyle Hill","0NBucA2Bu","+1-119-565-4615",3),
("hblack@gmail.com","Arthur Robinson","Qk0naKSeiI","9797994994",5),
("patrickklein@calderon.biz","Melissa Warren","NiYdfyOklf","(871)094-5494",3),
("amandajones@davenport.org","Meredith Holland","JCjk8YCL","006.887.7521",4),
("tinarosales@bennett-olsen.com","Ashley Lewis","QHp88Siwi","+1-268-498-1740",4),
("pbrown@pugh.com","Brian Buck","q5wQWFzi4iE","+1-771-440-8118",2),
("jthomas@gmail.com","Christina Anderson","TOYV7Ewd6g","(748)880-2840",5),
("angelahayes@hill-james.net","James Sullivan","GllIlNBgkrnk","+1-778-042-0066",4),
("patricia52@gmail.com","William Austin","Q8OgayOL","696-099-4266",2),
("sreid@yahoo.com","Kathryn Johnson","eb0h4VrPi","+1-077-090-8915",1),
("qmcneil@yahoo.com","Joseph Murray","bFqcR74Gr","(559)532-4598",3),
("adriennemiller@hotmail.com","Randall Webster","Gis0EG0msqO5O","738-680-5076",4),
("anthony47@fisher.com","Gregory Harris","eanqDH8vac7EQN","856.989.1428",3),
("amysanchez@gonzalez.com","Melinda Mcguire","N0r6FL3ZvewmLen","+1-711-469-9435",3),
("felicia53@guerra-espinoza.com","Brittany Kelley","B9Zb6NmoPecCOsp","2904337221",1),
("robbinscynthia@barnett.com","Tanya Wells","s3pbmlEbT","475.712.1447",3),
("hornjohn@gonzalez.biz","Karen Howard","xUBSkuNTqx7ZE","+1-185-465-6200",3),
("charles62@camacho-stewart.net","Brooke Wagner","CvouC9tDflHy52f","897.395.2907",3),
("johnsonmathew@watson.net","Sheila Brown","NKmlktrlK4tRf","107.923.6646",4),
("juliacoleman@gmail.com","Jennifer Mccoy","GA3BfTUKW","(363)722-7568",4),
("skinnerkevin@gmail.com","James Harris","cRgBVRLwB3f","387-526-1275",4),
("isaiahbishop@hotmail.com","Angela Gray","9RHwPyPCjjaG","(861)703-2629",5),
("johnsonjames@hotmail.com","Eileen Livingston","MgT9du2XyrZOMp","+1-817-304-7635",4),
("adamspaula@hotmail.com","Blake Herrera","tLyfNKAgIxBQa","001-135-227-8613",3),
("zfletcher@ross-saunders.com","Charles Hoover","5fBNtJElD","(259)932-1525",2),
("craigamber@gmail.com","Amy Curry","YNhkE4nVqqg4ec","(978)400-7638",1),
("xanderson@calderon.com","Justin Hernandez","cBq1smRhyMO","129-060-6355",3),
("melinda89@jenkins.com","Haley Saunders","hEcL7wAeCqx","(404)784-9817",5),
("jensencynthia@little.net","Casey Wheeler","1ZTQOGSta","(595)972-4510",4),
("andrewsharp@gmail.com","Robert Lam","J3EmPGPmJP","121.335.8234",1),
("natasha39@banks-joseph.info","Juan Mitchell","RgyGSdSA9uT","0595040611",3),
("jorge93@pearson-weaver.net","Jo Garcia","TkOQzTcJX","(907)203-2553",2),
("nicole91@chapman.com","Dalton Ellis","hV505wTod","457-653-6128",3),
("angela94@french.com","Patricia Lewis","rqPoJQGQVEd","(851)860-1091",3),
("jacksonanthony@hotmail.com","Cindy Williams","BKjwebHY6Mom","+1-442-587-4205",5),
("thomasmiller@watson.com","Joe Haynes","ygDJvBWzXAouQxU","+1-274-143-5088",3),
("johnsoncourtney@russo-carter.com","Michael Rodriguez","rqtuFaseG7T2H","(260)716-5950",1),
("joseph28@johnson.info","Robert Calderon","JOi5awrb7nZaZ","4440194507",4),
("jeremiah55@hotmail.com","William Cook","1BB4ZVju2loxv","001-939-417-0342",4),
("gonzalezsarah@yahoo.com","Donald Parker","AKxqlRttJoWEvn","548.144.2010",3),
("millerautumn@yahoo.com","Collin Roberts","AVQSVKwovJ8WeW","(754)440-7873",2),
("arthur15@sweeney.com","Sara Rojas","AChWOjGwpYsC0","001-458-034-0772",1),
("loriraymond@turner.org","Regina Holmes","fqbQMVCsD","+1-449-797-9692",4),
("brianna27@gmail.com","Karen Nolan","vTLJWOith","3912853225",5),
("coxtheresa@phillips.com","Tracy Reese","ST1XPbmh","918-445-4245",3),
("carmenharris@ramirez.com","Eric Alvarez","kE5NaDcSgiv","+1-123-226-8717",3),
("clong@osborne.org","Teresa Stokes","F5PSDOTre","636-712-0050",1),
("emma28@hotmail.com","Jenna Haas","RriPaTyb90ZDxf","001-358-979-7634",4),
("gjohnson@yahoo.com","Andrew Hart","3irvZNfIc0q6LT","(413)270-7545",2),
("briannalopez@duran.com","Brandi Miller","aQb8g2LNyOJ7GwR","600.802.9077",1),
("eadams@gmail.com","Matthew Rivers","0IdY23fqcQeR","722-138-1209",4),
("ievans@king.net","John Beltran","pPC4r3DEo","203-603-1819",2),
("walterrandall@lopez-moss.info","Travis Garcia","NBuA9rL9","(650)911-4472",4),
("triciawells@gmail.com","Matthew Blanchard","124ntgErQ","(257)772-5196",3),
("willisamanda@gmail.com","David Pierce","rVcdqsLTgC3","329.224.7454",4),
("robertreed@watts.com","Walter Frazier","KFDCb0ibXxLGFs","259-400-7672",5),
("erivera@gmail.com","Lisa Wise","MkvVIHFa9g","(682)754-2512",2),
("gsmith@yahoo.com","David Ramirez","RW3Lv08E","4057257904",3),
("stephen48@underwood.net","Matthew Carey","CbiOYz9ljcHqM","001-141-376-6641",4),
("thompsonchristopher@harrison.info","Jill Williams","WEUlGhJcQwAHshQ","001-852-914-0258",5),
("alexandraadams@harrington.biz","Lindsey Kelly","5IA7juBFT96zFW","7104720552",1),
("hhamilton@moore.com","Johnny Campbell","Zt64nDUIcMTuI","(969)502-4318",3),
("jamieclements@hotmail.com","John Hernandez","VGefl3L6Y","881-838-9618",4),
("tiffanymoran@andersen-adams.net","Stephen Wright","b8X6a5HZ6ESP","001-455-026-4699",4),
("kimberly15@gmail.com","Andrea Gonzalez","IPuWz0QwhP","(289)362-8791",1),
("jonesdaniel@hotmail.com","Joseph Maxwell","bmk0IT19AxY","001-868-044-6321",5),
("ochambers@ortiz.com","Robert Baker","Pvo4y892","508.051.0739",5),
("bmiller@hotmail.com","Sarah Ingram","WhRPUGwqtCu","+1-214-269-2653",1),
("tlawson@gmail.com","Timothy Gray","6BprAP0FF2","001-565-065-4933",3),
("fbarnes@gmail.com","Sharon Osborne","ShppYk7T20qeJa","942.835.3519",1),
("wgarza@rich-morales.com","Judy Martin","y2IPfhropXX","(346)902-6178",4),
("clang@crawford-fisher.biz","Kathryn Beard","iMKETY2B033ctv","818.719.3159",5),
("kimberly13@yahoo.com","Amy Thornton","tEGS8SVUOZ","001-561-115-6301",1),
("wharvey@hotmail.com","Kim Martin","w7rR6yzK4LpYtqG","+1-609-768-8226",1),
("michaelgoodman@yahoo.com","Anna Richardson","ePBMKUpZD1qCm","001-306-940-6684",4),
("zroach@gmail.com","Alexis Campbell","p34CU0u52SiZv","001-094-554-8142",5),
("nsimon@hotmail.com","Kristina Smith","Vvetgh0E","(951)469-9935",1),
("stevensmith@griffin.com","Susan Bell","cepNEraX0","001-347-015-4011",3),
("richard40@mcclure.com","Brandon Miller","MavNR6mwe84NrK","531-555-5738",1),
("simpsonsteven@hotmail.com","James Acosta","4qnTcc7D2L8","545-771-4615",1),
("melissa69@mcpherson-herrera.biz","Brittany Martin","HKrML2UMRqE","001-359-915-4105",3),
("tjohnson@hotmail.com","Valerie Moon","krGq8oEhX","(992)763-8896",5),
("isabellacook@perry.com","Shannon Rubio","kp6EybuyxXQ","+1-160-540-3973",2),
("katrinapotter@hotmail.com","Gary Knight","ixtXDTeRCCip","+1-493-374-3730",1),
("austin81@clark.biz","Jordan Thomas","c1eO53UMs","(566)700-9604",3),
("kdaniel@yahoo.com","Jason Palmer","Lb5vCGnpfW","865-504-2582",5),
("sarahedwards@gmail.com","Kelsey Richards","tLZNZcjE3JwCD","711-255-4486",2),
("orozcotimothy@hotmail.com","Joshua Tyler","uGhYgGFHBS","+1-772-455-5996",5),
("joshuamitchell@yahoo.com","Susan Thompson","F99YwhAxT","(645)728-8976",2),
("jeremiahmiller@owens.com","James Gibson","0s3H8DQibRp4sw","226.493.7276",1),
("christiangreen@parks-patterson.com","Kathleen Buchanan","cPqTgPiwv3osHo","616-686-0946",2),
("uclark@gmail.com","Linda Smith","loFXdZLEyy","001-107-842-9999",3),
("fgay@gmail.com","Sarah Erickson","vqCjNRjvEi","100.209.5218",1),
("brian04@gmail.com","Travis Horton","OuJsbgWq","4005027047",4),
("rita47@wheeler-duncan.info","Matthew Byrd","Dj6uvSyygTy","+1-942-149-3903",1),
("ujones@gmail.com","William Trujillo","4hUqgRMfzlyXdrX","001-418-951-9299",5),
("debbie37@garcia.org","Dillon Anderson","OYNsFG5NGll7v","368.541.4530",2),
("anthony24@johnston.biz","Tina Chaney","0NlvQRbt4esii","(005)861-7006",3),
("perezdawn@wells.com","Maurice Long","Y7tIEzKVOFM7","001-172-922-3070",4),
("heatherdeleon@gmail.com","Larry Patel","E7PYFFGZvod","001-151-739-2511",5),
("cory69@schmidt.biz","Robert Torres","TYfooyvOWFf","(459)478-5739",4),
("nathan35@gmail.com","Amy Campos","FEYtUTOoW","575-132-5252",1),
("xanderson@yahoo.com","Stephen Wade","QgXQC6XN","823.867.6480",4),
("dwashington@long.org","Joshua Baker","WNAGKZI7zS5tk","066-550-9279",4),
("richardclark@hotmail.com","Sharon English","i7j2TWKde","(714)471-8900",3),
("padillamichael@gmail.com","Melissa Gutierrez","K3cBB4tyKAc9pn7","+1-926-286-8878",5),
("trice@morgan.com","David Leon","XmXmSOyv","+1-475-146-2604",5),
("thompsonjustin@yahoo.com","Richard Jackson","fpW3IRiiNKeJjr","001-031-193-8383",1),
("benjamincooper@yahoo.com","Spencer George","29UNrfjl","+1-189-724-0297",5),
("mgomez@hotmail.com","Joseph Ferguson","mR3rGiVxqj3","+1-377-860-0150",4),
("jamesmckenzie@gmail.com","Timothy Warren","2dVHBBlUwCJH2","(015)399-8946",5),
("vwilson@thompson.biz","Kevin Garcia","1Fbl78O1Q","(724)855-6312",3),
("janetrodriguez@johnson.info","Kaylee Cooper","VxGZMdwWI","691.419.9923",4),
("freemanmichelle@hotmail.com","Catherine Curry","rZBJjYGId0480N","+1-491-674-8445",4),
("richardsdaniel@wyatt.com","Jasmine Hogan","5phr7Sk2K","196.919.6787",1),
("brandttaylor@galvan.com","Ashley Vaughn","8amwWfNPXW","1897122187",5),
("youngnicholas@hotmail.com","Nicole Skinner","NuutJztZQlj","1655736302",5),
("stonedaniel@gmail.com","Steven Acevedo","qL5MfohBqZynYP","1969461770",3),
("schmidtbrian@daniels.com","Brandi Melendez","vQxD4gAepdeLsV","001-455-675-7031",2),
("keithsamuel@gmail.com","Stephanie Ingram","qdiFCydS","001-742-136-8084",4),
("martinezeric@johnson.info","Kelsey Owens","KECNoAfySd","(998)406-8570",2),
("carrievasquez@gmail.com","Mario Bates","0w4em8Kgg6","+1-419-283-9976",4),
("qparrish@merritt-rice.com","Daniel Escobar","G33fqK8V8KG","0486643437",2),
("john79@wade.com","Kathryn Reed","KEl78awPCv","281-733-1707",4),
("dennis62@kennedy.com","Lori Morgan","qDMzk6PZu5xJ","6277053386",3),
("millerrobert@adams.com","Alexandria Jones","fb0uS7qD7MTVv","701-415-5803",3),
("patricia42@hotmail.com","Clinton Taylor","795a0dUKlUQs","001-469-963-6484",4),
("barrerapatty@fry.biz","Jessica Henderson","pU112shzusRKJOh","(648)255-7039",1),
("kaylee52@gmail.com","Daniel Miller","Q1j8yombXLIpav","+1-385-357-4488",4),
("castanedawillie@martinez-collins.com","Jennifer Harrison","mBh6t4Kr","377-257-3951",3),
("hollandsusan@burnett.com","Leslie Singleton","i8h5EPdrLajZ","469-217-8365",3),
("zford@gmail.com","Luke Francis","ITlI7kieB7h","750.385.8309",4),
("kkelly@hotmail.com","Robert Browning","QMKBToTmdP3","727.974.7151",2),
("vaughnphillip@yahoo.com","Johnathan Mitchell","6PU1npRlhuJjCkK","098.920.5590",3),
("jennifer22@bennett-knapp.com","William Hernandez","18J6cUKkCICh","001-943-544-3092",3),
("phillipserin@chavez-walker.org","Jacqueline Vasquez","Uwpqk2gebbGlqL","767-912-5392",4),
("randy10@mills.com","Paul Lopez","xBXnAZ3mHVVJY","+1-862-868-0635",5),
("baileyanna@hotmail.com","Jamie Smith","FaBTIpPgXeqPUVg","(544)175-0688",5),
("fowlerjoshua@gmail.com","Jeffrey Lamb","6GtXk1GOsVNWY","076-526-8090",2),
("btaylor@casey.org","Jonathan Wilson","SyGIY4hBcL","001-588-648-4912",4),
("cory64@wheeler.biz","Linda Gregory","QxHjblnnni1Y","407.792.1127",2),
("robert16@yahoo.com","Susan Romero","EJGvF39WilyzV","419-515-8743",2),
("rgill@yahoo.com","Matthew Hampton","8HKy83CGXR","+1-526-014-8861",3),
("alvaradohannah@hotmail.com","Douglas Hernandez","XP2v5fYz","9070818035",3),
("unorman@lewis.com","William Hunter","89y1AjTKpF8hH1m","311.516.6779",1),
("josephbenitez@evans-lee.info","Amanda May","lEuPAQpfZo","(670)375-6372",1),
("ortizkelsey@ponce.biz","Tracey Murphy","siTMG5gy","269.488.7687",1),
("tina23@gmail.com","April Booker","bCpEBRA8JF","(495)204-8325",5),
("whitejulie@gmail.com","Barbara Peterson","lRJmcrnSn92Q9C","691.947.2220",3),
("xbender@brady-wood.org","Lisa Garcia","yBR06LZZeJ2","554.933.5713",4),
("juliehernandez@smith-simon.com","Kayla Tate","55EETL9kh","084.532.6664",3),
("morganchristensen@yahoo.com","Jeffrey Kennedy","6RgMJsyAA","831.616.2162",5),
("davidmann@hotmail.com","Wendy Smith","5u7jqHkIl","(220)598-1294",1),
("isharp@hatfield-james.info","Kristen Wallace","eT4rBzrF5gDtHM","(981)499-9259",2),
("kimberly47@robinson.com","Christine Gibson","7AruQufdTXv","001-843-534-7676",5),
("ryanramirez@chambers.info","Christopher Harris","lMAp8Z4IauYP","5015605938",3),
("kylearroyo@yahoo.com","Emma Lopez","tk5SVVEQGpU","001-297-948-1889",1),
("jason11@carpenter.com","Larry Molina","8l370Nn5e","(860)164-5616",2),
("phillip99@gallagher.com","Michael Quinn","xp9rLyTO03Q","001-762-844-8289",4),
("cody76@rodriguez.net","Phillip Thompson","V4XEcQaZGwA7Bk5","(054)043-4486",5),
("frogers@martinez.com","Zachary Murphy","SDKJb3B6T","982.829.3485",2),
("stewartjesus@henry.net","Gloria Page","zUIwgKed4d8e1cI","9036524048",1),
("shawnrios@yahoo.com","Anne Sawyer","Urq4a1aZtW5tvb","(812)879-2375",4),
("felicia70@hotmail.com","Seth Williams","BX1PEsSPrFDDKNM","001-553-073-4923",3),
("matthew76@yahoo.com","David Johnson","U3o9IfPdS3","(170)371-3421",4),
("hernandezdana@yahoo.com","Seth Acosta","UVwWBvFHoUFI7","(158)168-7695",4),
("alexandra89@griffith.org","James Cox","unZQdb3mupT","6209883567",2),
("schultzdonna@flores.org","John Gutierrez","EdgcVgIz6d","(225)641-2449",5),
("rodriguezkaren@rodriguez.com","Kimberly Franklin","QV2KwpgU1XW","(201)802-4185",4),
("huffmandavid@boyd-mckay.com","Tonya Oliver","uCyMB8iO0gXN","4552119108",5),
("rebeccamurphy@gmail.com","Stephanie Austin","pB1YATnY","020-580-7199",3),
("njackson@gomez.com","Colin Campbell","oX45fikyqUie1","+1-164-563-9058",5),
("robert22@yahoo.com","Joshua Smith","uljF2eIaAt","001-577-879-4222",1),
("wthomas@jackson-reynolds.com","Mark Smith","ZeiLaBFA","001-574-587-5979",1),
("vcameron@lowery.com","Samuel Morse","fW7zxc9gq3T2yL","001-602-732-3167",4),
("willie41@barnes.com","Raven Alvarado","6WaaoCWzOmEzCL","882.384.6896",3),
("susan98@hotmail.com","Gabriel Reese","I39pQBkJn","+1-052-039-8052",1),
("rossjohn@hotmail.com","Jay Armstrong","eE40rjUKR","001-240-693-4185",4),
("emilyrhodes@jordan-stark.com","Briana Rios","VfOgujR8","611.812.2957",2),
("bhill@gamble-brewer.com","Juan Foster","9MQrUbKEFH","(658)859-6169",2);
INSERT INTO Room VALUES
(1001,2,100,7),
(1002,4,130,3),
(1003,2,100,6),
(1004,4,130,8),
(1005,2,100,1),
(1006,2,100,8),
(1007,4,130,8),
(1008,4,130,5),
(1009,2,100,5),
(1010,4,130,8),
(1011,4,130,10),
(1012,2,100,9),
(1013,4,130,6),
(1014,4,130,10),
(1015,2,100,3),
(1016,2,100,4),
(1017,2,100,1),
(1018,2,100,5),
(1019,2,100,4),
(1020,2,100,9),
(1021,2,100,5),
(1022,4,130,6),
(1023,4,130,6),
(1024,4,130,5),
(1025,2,100,3),
(1026,4,130,2),
(1027,4,130,10),
(1028,4,130,10),
(1029,4,130,1),
(1030,4,130,5),
(1031,4,130,9),
(1032,4,130,9),
(1033,4,130,6),
(1034,4,130,5),
(1035,4,130,9),
(1036,4,130,10),
(1037,2,100,2),
(1038,4,130,4),
(1039,4,130,6),
(1040,4,130,1),
(1041,4,130,8),
(1042,2,100,8),
(1043,4,130,10),
(1044,2,100,5),
(1045,4,130,1),
(1046,2,100,9),
(1047,2,100,2),
(1048,4,130,6),
(1049,2,100,2),
(1050,2,100,3),
(1051,4,130,4),
(1052,4,130,4),
(1053,4,130,2),
(1054,4,130,8),
(1055,4,130,3),
(1056,4,130,1),
(1057,4,130,6),
(1058,2,100,4),
(1059,2,100,10),
(1060,2,100,7),
(1061,2,100,10),
(1062,4,130,10),
(1063,2,100,3),
(1064,2,100,3),
(1065,2,100,4),
(1066,4,130,10),
(1067,4,130,7),
(1068,4,130,6),
(1069,4,130,8),
(1070,2,100,9),
(1071,4,130,1),
(1072,2,100,3),
(1073,2,100,1),
(1074,2,100,9),
(1075,2,100,8),
(1076,2,100,3),
(1077,2,100,7),
(1078,2,100,8),
(1079,4,130,5),
(1080,4,130,7),
(1081,2,100,10),
(1082,4,130,2),
(1083,4,130,10),
(1084,4,130,2),
(1085,4,130,9),
(1086,2,100,6),
(1087,4,130,6),
(1088,2,100,4),
(1089,2,100,4),
(1090,4,130,8),
(1091,4,130,2),
(1092,2,100,6),
(1093,2,100,6),
(1094,4,130,2),
(1095,2,100,1),
(1096,2,100,7),
(1097,2,100,3),
(1098,2,100,9),
(1099,4,130,7),
(1100,4,130,7),
(1101,4,130,10),
(1102,2,100,4),
(1103,4,130,4),
(1104,2,100,6),
(1105,4,130,7),
(1106,2,100,8),
(1107,2,100,6),
(1108,2,100,6),
(1109,4,130,7),
(1110,2,100,2),
(1111,2,100,5),
(1112,2,100,9),
(1113,4,130,2),
(1114,2,100,4),
(1115,2,100,2),
(1116,4,130,5),
(1117,4,130,5),
(1118,4,130,3),
(1119,2,100,5),
(1120,4,130,9),
(1121,2,100,3),
(1122,2,100,1),
(1123,4,130,9),
(1124,2,100,8),
(1125,4,130,1),
(1126,4,130,7),
(1127,4,130,8),
(1128,4,130,2),
(1129,2,100,7),
(1130,2,100,10),
(1131,2,100,9),
(1132,2,100,10),
(1133,2,100,2),
(1134,2,100,5),
(1135,2,100,1),
(1136,2,100,4),
(1137,4,130,2),
(1138,2,100,1),
(1139,2,100,4),
(1140,2,100,1),
(1141,4,130,7),
(1142,4,130,6),
(1143,2,100,6),
(1144,2,100,3),
(1145,2,100,6),
(1146,4,130,6),
(1147,4,130,10),
(1148,2,100,5),
(1149,2,100,7),
(1150,4,130,9),
(1151,2,100,3),
(1152,4,130,4),
(1153,2,100,4),
(1154,4,130,2),
(1155,4,130,8),
(1156,4,130,9),
(1157,4,130,3),
(1158,4,130,6),
(1159,4,130,4),
(1160,4,130,10),
(1161,4,130,7),
(1162,4,130,9),
(1163,2,100,3),
(1164,4,130,10),
(1165,2,100,10),
(1166,2,100,8),
(1167,4,130,9),
(1168,2,100,1),
(1169,4,130,7),
(1170,2,100,9),
(1171,2,100,4),
(1172,4,130,8),
(1173,4,130,2),
(1174,2,100,8),
(1175,4,130,6),
(1176,2,100,6),
(1177,4,130,6),
(1178,2,100,6),
(1179,2,100,4),
(1180,4,130,2),
(1181,2,100,10),
(1182,4,130,10),
(1183,4,130,3),
(1184,4,130,4),
(1185,2,100,9),
(1186,4,130,10),
(1187,4,130,3),
(1188,4,130,6),
(1189,2,100,9),
(1190,4,130,3),
(1191,4,130,6),
(1192,2,100,1),
(1193,4,130,3),
(1194,2,100,6),
(1195,2,100,5),
(1196,2,100,10),
(1197,4,130,7),
(1198,4,130,7),
(1199,4,130,3),
(1200,4,130,4),
(2001,2,140,8),
(2002,4,180,3),
(2003,2,140,6),
(2004,4,180,5),
(2005,2,140,10),
(2006,4,180,3),
(2007,2,140,7),
(2008,4,180,2),
(2009,4,180,9),
(2010,2,140,5),
(2011,4,180,8),
(2012,4,180,2),
(2013,2,140,2),
(2014,4,180,7),
(2015,2,140,10),
(2016,4,180,10),
(2017,2,140,2),
(2018,2,140,1),
(2019,4,180,6),
(2020,2,140,9),
(2021,2,140,7),
(2022,2,140,7),
(2023,4,180,5),
(2024,4,180,6),
(2025,4,180,4),
(2026,4,180,8),
(2027,2,140,3),
(2028,4,180,2),
(2029,2,140,2),
(2030,2,140,7),
(2031,2,140,5),
(2032,4,180,6),
(2033,4,180,5),
(2034,2,140,10),
(2035,4,180,6),
(2036,4,180,10),
(2037,4,180,3),
(2038,4,180,8),
(2039,2,140,4),
(2040,2,140,6),
(2041,4,180,8),
(2042,2,140,3),
(2043,4,180,8),
(2044,4,180,3),
(2045,2,140,3),
(2046,4,180,2),
(2047,4,180,9),
(2048,2,140,9),
(2049,4,180,9),
(2050,2,140,7),
(2051,2,140,8),
(2052,4,180,9),
(2053,4,180,1),
(2054,4,180,4),
(2055,4,180,2),
(2056,2,140,1),
(2057,4,180,8),
(2058,2,140,1),
(2059,2,140,1),
(2060,2,140,10),
(2061,4,180,8),
(2062,4,180,9),
(2063,2,140,2),
(2064,4,180,2),
(2065,4,180,1),
(2066,4,180,10),
(2067,2,140,3),
(2068,2,140,1),
(2069,2,140,3),
(2070,4,180,6),
(2071,2,140,1),
(2072,4,180,2),
(2073,4,180,8),
(2074,4,180,5),
(2075,4,180,6),
(2076,2,140,1),
(2077,2,140,1),
(2078,4,180,1),
(2079,4,180,7),
(2080,2,140,7),
(2081,4,180,2),
(2082,4,180,6),
(2083,4,180,3),
(2084,4,180,7),
(2085,4,180,6),
(2086,2,140,6),
(2087,2,140,6),
(2088,2,140,5),
(2089,2,140,10),
(2090,4,180,2),
(2091,4,180,9),
(2092,2,140,3),
(2093,2,140,1),
(2094,4,180,5),
(2095,2,140,2),
(2096,2,140,8),
(2097,2,140,8),
(2098,2,140,8),
(2099,4,180,7),
(2100,2,140,1),
(2101,4,180,4),
(2102,4,180,8),
(2103,4,180,1),
(2104,4,180,5),
(2105,2,140,5),
(2106,2,140,9),
(2107,2,140,6),
(2108,2,140,6),
(2109,2,140,9),
(2110,4,180,5),
(2111,2,140,9),
(2112,4,180,3),
(2113,2,140,7),
(2114,2,140,10),
(2115,4,180,8),
(2116,4,180,5),
(2117,4,180,8),
(2118,2,140,9),
(2119,2,140,10),
(2120,2,140,8),
(2121,2,140,6),
(2122,2,140,3),
(2123,4,180,9),
(2124,4,180,5),
(2125,2,140,7),
(2126,2,140,6),
(2127,2,140,1),
(2128,4,180,8),
(2129,2,140,7),
(2130,4,180,1),
(2131,2,140,8),
(2132,4,180,3),
(2133,4,180,2),
(2134,4,180,8),
(2135,4,180,1),
(2136,4,180,8),
(2137,4,180,6),
(2138,2,140,2),
(2139,4,180,1),
(2140,4,180,6),
(2141,4,180,2),
(2142,2,140,3),
(2143,4,180,1),
(2144,4,180,9),
(2145,4,180,3),
(2146,2,140,1),
(2147,4,180,1),
(2148,2,140,6),
(2149,4,180,10),
(2150,2,140,8),
(2151,2,140,7),
(2152,4,180,5),
(2153,4,180,4),
(2154,2,140,6),
(2155,4,180,5),
(2156,2,140,8),
(2157,2,140,6),
(2158,2,140,10),
(2159,2,140,4),
(2160,2,140,3),
(2161,2,140,3),
(2162,4,180,9),
(2163,2,140,3),
(2164,4,180,10),
(2165,4,180,7),
(2166,2,140,10),
(2167,2,140,7),
(2168,2,140,4),
(2169,4,180,1),
(2170,4,180,8),
(2171,4,180,3),
(2172,2,140,3),
(2173,4,180,2),
(2174,2,140,2),
(2175,4,180,1),
(2176,2,140,2),
(2177,2,140,7),
(2178,2,140,10),
(2179,4,180,4),
(2180,2,140,9),
(2181,2,140,1),
(2182,2,140,5),
(2183,2,140,6),
(2184,2,140,3),
(2185,4,180,6),
(2186,2,140,2),
(2187,2,140,9),
(2188,2,140,7),
(2189,4,180,10),
(2190,4,180,5),
(2191,4,180,5),
(2192,4,180,1),
(2193,4,180,4),
(2194,2,140,9),
(2195,4,180,8),
(2196,4,180,2),
(2197,4,180,5),
(2198,4,180,3),
(2199,4,180,2),
(2200,4,180,8),
(3001,2,150,5),
(3002,4,200,6),
(3003,4,200,8),
(3004,4,200,4),
(3005,2,150,1),
(3006,4,200,1),
(3007,4,200,7),
(3008,4,200,2),
(3009,4,200,4),
(3010,2,150,2),
(3011,2,150,2),
(3012,2,150,3),
(3013,4,200,5),
(3014,2,150,5),
(3015,2,150,3),
(3016,2,150,8),
(3017,2,150,6),
(3018,2,150,8),
(3019,4,200,3),
(3020,2,150,1),
(3021,2,150,4),
(3022,2,150,10),
(3023,4,200,7),
(3024,2,150,9),
(3025,4,200,1),
(3026,2,150,3),
(3027,2,150,4),
(3028,4,200,1),
(3029,4,200,6),
(3030,2,150,6),
(3031,4,200,9),
(3032,2,150,8),
(3033,4,200,2),
(3034,2,150,6),
(3035,4,200,10),
(3036,2,150,7),
(3037,4,200,8),
(3038,4,200,8),
(3039,4,200,8),
(3040,2,150,6),
(3041,4,200,9),
(3042,4,200,2),
(3043,2,150,3),
(3044,4,200,9),
(3045,4,200,5),
(3046,4,200,7),
(3047,4,200,4),
(3048,2,150,9),
(3049,2,150,3),
(3050,4,200,6),
(3051,4,200,6),
(3052,4,200,8),
(3053,2,150,10),
(3054,4,200,7),
(3055,4,200,6),
(3056,4,200,9),
(3057,2,150,8),
(3058,4,200,10),
(3059,2,150,5),
(3060,4,200,4),
(3061,4,200,8),
(3062,4,200,2),
(3063,2,150,10),
(3064,2,150,4),
(3065,2,150,9),
(3066,2,150,1),
(3067,2,150,7),
(3068,2,150,5),
(3069,4,200,6),
(3070,4,200,6),
(3071,2,150,3),
(3072,2,150,8),
(3073,2,150,4),
(3074,2,150,8),
(3075,2,150,3),
(3076,4,200,2),
(3077,2,150,1),
(3078,4,200,3),
(3079,4,200,5),
(3080,2,150,8),
(3081,2,150,10),
(3082,2,150,2),
(3083,2,150,5),
(3084,4,200,2),
(3085,4,200,8),
(3086,2,150,2),
(3087,4,200,3),
(3088,2,150,5),
(3089,2,150,1),
(3090,4,200,4),
(3091,4,200,4),
(3092,2,150,7),
(3093,2,150,2),
(3094,4,200,1),
(3095,2,150,2),
(3096,4,200,7),
(3097,4,200,8),
(3098,4,200,7),
(3099,2,150,7),
(3100,4,200,10),
(3101,2,150,8),
(3102,4,200,1),
(3103,4,200,1),
(3104,2,150,4),
(3105,4,200,5),
(3106,4,200,3),
(3107,4,200,2),
(3108,4,200,2),
(3109,4,200,5),
(3110,2,150,8),
(3111,4,200,7),
(3112,2,150,1),
(3113,2,150,5),
(3114,2,150,5),
(3115,4,200,6),
(3116,2,150,10),
(3117,4,200,3),
(3118,4,200,2),
(3119,2,150,6),
(3120,2,150,10),
(3121,4,200,6),
(3122,2,150,3),
(3123,4,200,2),
(3124,2,150,5),
(3125,2,150,1),
(3126,2,150,3),
(3127,4,200,2),
(3128,4,200,7),
(3129,2,150,4),
(3130,4,200,4),
(3131,4,200,6),
(3132,2,150,5),
(3133,2,150,1),
(3134,2,150,5),
(3135,2,150,1),
(3136,4,200,5),
(3137,4,200,8),
(3138,4,200,7),
(3139,4,200,9),
(3140,2,150,6),
(3141,4,200,7),
(3142,4,200,3),
(3143,2,150,7),
(3144,2,150,6),
(3145,2,150,5),
(3146,4,200,2),
(3147,2,150,7),
(3148,2,150,5),
(3149,4,200,6),
(3150,2,150,8),
(3151,2,150,3),
(3152,2,150,8),
(3153,4,200,2),
(3154,2,150,7),
(3155,2,150,6),
(3156,4,200,8),
(3157,4,200,4),
(3158,4,200,3),
(3159,4,200,4),
(3160,2,150,10),
(3161,4,200,9),
(3162,2,150,2),
(3163,4,200,6),
(3164,2,150,9),
(3165,2,150,1),
(3166,2,150,5),
(3167,4,200,3),
(3168,4,200,3),
(3169,4,200,9),
(3170,2,150,3),
(3171,2,150,1),
(3172,2,150,2),
(3173,2,150,4),
(3174,4,200,10),
(3175,4,200,2),
(3176,2,150,10),
(3177,4,200,4),
(3178,4,200,8),
(3179,2,150,7),
(3180,2,150,10),
(3181,4,200,2),
(3182,4,200,3),
(3183,2,150,2),
(3184,4,200,5),
(3185,2,150,3),
(3186,4,200,5),
(3187,2,150,2),
(3188,2,150,4),
(3189,2,150,5),
(3190,4,200,1),
(3191,4,200,4),
(3192,2,150,9),
(3193,2,150,10),
(3194,2,150,7),
(3195,2,150,3),
(3196,4,200,1),
(3197,2,150,3),
(3198,4,200,7),
(3199,4,200,4),
(3200,4,200,6),
(4001,4,230,8),
(4002,4,230,1),
(4003,4,230,8),
(4004,4,230,7),
(4005,4,230,5),
(4006,4,230,5),
(4007,2,190,8),
(4008,4,230,10),
(4009,4,230,8),
(4010,4,230,9),
(4011,2,190,1),
(4012,4,230,9),
(4013,4,230,6),
(4014,2,190,5),
(4015,2,190,6),
(4016,4,230,10),
(4017,2,190,4),
(4018,2,190,4),
(4019,4,230,6),
(4020,4,230,8),
(4021,4,230,10),
(4022,4,230,2),
(4023,4,230,9),
(4024,4,230,3),
(4025,4,230,1),
(4026,4,230,9),
(4027,4,230,9),
(4028,2,190,10),
(4029,2,190,7),
(4030,4,230,1),
(4031,2,190,6),
(4032,2,190,7),
(4033,2,190,2),
(4034,2,190,6),
(4035,2,190,3),
(4036,4,230,9),
(4037,2,190,6),
(4038,2,190,1),
(4039,2,190,8),
(4040,2,190,1),
(4041,2,190,6),
(4042,2,190,5),
(4043,2,190,1),
(4044,2,190,5),
(4045,4,230,4),
(4046,2,190,7),
(4047,2,190,3),
(4048,4,230,5),
(4049,2,190,8),
(4050,2,190,2),
(4051,4,230,10),
(4052,2,190,5),
(4053,4,230,5),
(4054,2,190,2),
(4055,4,230,4),
(4056,4,230,4),
(4057,4,230,5),
(4058,2,190,9),
(4059,4,230,6),
(4060,2,190,3),
(4061,2,190,5),
(4062,2,190,8),
(4063,4,230,8),
(4064,2,190,7),
(4065,4,230,1),
(4066,4,230,6),
(4067,2,190,3),
(4068,2,190,6),
(4069,2,190,6),
(4070,4,230,6),
(4071,2,190,2),
(4072,2,190,10),
(4073,2,190,3),
(4074,4,230,8),
(4075,4,230,9),
(4076,4,230,5),
(4077,2,190,4),
(4078,2,190,6),
(4079,2,190,1),
(4080,2,190,10),
(4081,4,230,9),
(4082,4,230,1),
(4083,2,190,7),
(4084,4,230,7),
(4085,2,190,2),
(4086,4,230,8),
(4087,4,230,8),
(4088,2,190,2),
(4089,2,190,1),
(4090,2,190,7),
(4091,4,230,3),
(4092,4,230,4),
(4093,4,230,4),
(4094,2,190,6),
(4095,4,230,7),
(4096,2,190,1),
(4097,2,190,1),
(4098,4,230,2),
(4099,4,230,3),
(4100,2,190,8),
(4101,2,190,8),
(4102,4,230,8),
(4103,4,230,4),
(4104,2,190,7),
(4105,4,230,6),
(4106,2,190,1),
(4107,4,230,5),
(4108,2,190,1),
(4109,4,230,5),
(4110,4,230,4),
(4111,2,190,5),
(4112,2,190,7),
(4113,2,190,4),
(4114,4,230,10),
(4115,2,190,2),
(4116,2,190,7),
(4117,2,190,9),
(4118,4,230,2),
(4119,2,190,1),
(4120,4,230,5),
(4121,4,230,3),
(4122,2,190,4),
(4123,4,230,5),
(4124,2,190,3),
(4125,2,190,7),
(4126,4,230,1),
(4127,2,190,5),
(4128,4,230,4),
(4129,4,230,1),
(4130,2,190,10),
(4131,2,190,8),
(4132,2,190,7),
(4133,2,190,9),
(4134,4,230,6),
(4135,2,190,5),
(4136,4,230,10),
(4137,2,190,8),
(4138,4,230,9),
(4139,4,230,9),
(4140,4,230,5),
(4141,2,190,9),
(4142,4,230,5),
(4143,4,230,6),
(4144,2,190,3),
(4145,4,230,7),
(4146,4,230,8),
(4147,2,190,4),
(4148,4,230,3),
(4149,2,190,4),
(4150,2,190,6),
(4151,4,230,7),
(4152,2,190,1),
(4153,2,190,2),
(4154,2,190,8),
(4155,2,190,5),
(4156,2,190,7),
(4157,4,230,4),
(4158,4,230,9),
(4159,4,230,1),
(4160,2,190,5),
(4161,2,190,3),
(4162,2,190,4),
(4163,4,230,7),
(4164,4,230,10),
(4165,2,190,2),
(4166,2,190,10),
(4167,2,190,7),
(4168,2,190,8),
(4169,4,230,7),
(4170,4,230,1),
(4171,2,190,10),
(4172,4,230,7),
(4173,2,190,2),
(4174,2,190,6),
(4175,2,190,6),
(4176,2,190,5),
(4177,2,190,3),
(4178,4,230,4),
(4179,4,230,2),
(4180,4,230,5),
(4181,2,190,6),
(4182,2,190,1),
(4183,4,230,6),
(4184,2,190,9),
(4185,2,190,10),
(4186,2,190,7),
(4187,2,190,8),
(4188,2,190,5),
(4189,4,230,4),
(4190,4,230,9),
(4191,2,190,9),
(4192,2,190,7),
(4193,4,230,4),
(4194,4,230,1),
(4195,2,190,1),
(4196,4,230,2),
(4197,2,190,5),
(4198,2,190,1),
(4199,2,190,1),
(4200,2,190,7),
(5001,2,220,10),
(5002,4,280,4),
(5003,2,220,1),
(5004,4,280,8),
(5005,4,280,4),
(5006,2,220,9),
(5007,2,220,7),
(5008,4,280,9),
(5009,4,280,4),
(5010,2,220,3),
(5011,2,220,6),
(5012,2,220,6),
(5013,2,220,2),
(5014,2,220,6),
(5015,4,280,3),
(5016,2,220,8),
(5017,4,280,3),
(5018,2,220,2),
(5019,2,220,10),
(5020,2,220,9),
(5021,4,280,2),
(5022,4,280,5),
(5023,2,220,2),
(5024,2,220,5),
(5025,2,220,2),
(5026,2,220,7),
(5027,2,220,2),
(5028,2,220,8),
(5029,4,280,4),
(5030,2,220,6),
(5031,2,220,10),
(5032,4,280,8),
(5033,4,280,5),
(5034,4,280,6),
(5035,4,280,2),
(5036,4,280,4),
(5037,2,220,3),
(5038,4,280,10),
(5039,2,220,9),
(5040,4,280,8),
(5041,4,280,3),
(5042,2,220,3),
(5043,2,220,9),
(5044,2,220,2),
(5045,2,220,4),
(5046,4,280,6),
(5047,2,220,4),
(5048,4,280,7),
(5049,4,280,3),
(5050,2,220,2),
(5051,4,280,10),
(5052,2,220,3),
(5053,4,280,4),
(5054,2,220,5),
(5055,2,220,7),
(5056,2,220,5),
(5057,4,280,1),
(5058,2,220,4),
(5059,2,220,6),
(5060,2,220,10),
(5061,2,220,1),
(5062,2,220,1),
(5063,2,220,10),
(5064,2,220,1),
(5065,4,280,8),
(5066,2,220,4),
(5067,2,220,3),
(5068,2,220,1),
(5069,2,220,5),
(5070,2,220,2),
(5071,4,280,7),
(5072,2,220,2),
(5073,2,220,9),
(5074,4,280,9),
(5075,2,220,10),
(5076,4,280,6),
(5077,4,280,8),
(5078,2,220,9),
(5079,4,280,1),
(5080,2,220,8),
(5081,2,220,9),
(5082,2,220,9),
(5083,4,280,9),
(5084,4,280,7),
(5085,4,280,6),
(5086,4,280,2),
(5087,4,280,5),
(5088,2,220,7),
(5089,4,280,4),
(5090,2,220,9),
(5091,2,220,3),
(5092,4,280,10),
(5093,4,280,10),
(5094,2,220,8),
(5095,4,280,6),
(5096,2,220,1),
(5097,4,280,1),
(5098,4,280,10),
(5099,4,280,3),
(5100,4,280,8),
(5101,4,280,3),
(5102,2,220,9),
(5103,2,220,10),
(5104,2,220,7),
(5105,4,280,1),
(5106,4,280,7),
(5107,4,280,7),
(5108,4,280,7),
(5109,2,220,10),
(5110,2,220,5),
(5111,4,280,8),
(5112,4,280,4),
(5113,2,220,7),
(5114,2,220,4),
(5115,4,280,9),
(5116,4,280,4),
(5117,4,280,8),
(5118,4,280,10),
(5119,4,280,6),
(5120,4,280,8),
(5121,2,220,3),
(5122,2,220,10),
(5123,4,280,10),
(5124,4,280,10),
(5125,4,280,5),
(5126,2,220,5),
(5127,2,220,3),
(5128,2,220,7),
(5129,4,280,2),
(5130,2,220,10),
(5131,4,280,3),
(5132,2,220,5),
(5133,4,280,4),
(5134,2,220,6),
(5135,2,220,10),
(5136,4,280,1),
(5137,2,220,10),
(5138,4,280,7),
(5139,4,280,1),
(5140,4,280,4),
(5141,4,280,1),
(5142,4,280,6),
(5143,4,280,9),
(5144,2,220,6),
(5145,2,220,1),
(5146,4,280,3),
(5147,4,280,7),
(5148,4,280,9),
(5149,4,280,1),
(5150,2,220,5),
(5151,4,280,5),
(5152,4,280,9),
(5153,2,220,9),
(5154,2,220,1),
(5155,2,220,3),
(5156,4,280,10),
(5157,4,280,9),
(5158,2,220,9),
(5159,2,220,8),
(5160,2,220,1),
(5161,2,220,2),
(5162,2,220,2),
(5163,4,280,5),
(5164,4,280,4),
(5165,4,280,9),
(5166,4,280,8),
(5167,2,220,2),
(5168,2,220,9),
(5169,2,220,6),
(5170,2,220,4),
(5171,2,220,8),
(5172,2,220,9),
(5173,4,280,2),
(5174,4,280,6),
(5175,4,280,7),
(5176,4,280,3),
(5177,2,220,9),
(5178,4,280,5),
(5179,2,220,6),
(5180,2,220,8),
(5181,2,220,6),
(5182,2,220,3),
(5183,2,220,2),
(5184,4,280,1),
(5185,4,280,4),
(5186,2,220,9),
(5187,2,220,6),
(5188,2,220,1),
(5189,2,220,10),
(5190,4,280,4),
(5191,2,220,4),
(5192,2,220,4),
(5193,4,280,3),
(5194,2,220,8),
(5195,4,280,6),
(5196,4,280,3),
(5197,4,280,6),
(5198,2,220,1),
(5199,2,220,8),
(5200,2,220,5);
INSERT INTO Reservation VALUES
(1,"cgoodman@frank.com",3143,2021,4,7,2021,4,16),
(2,"knightjoseph@gmail.com",4178,2020,11,23,2020,12,6),
(3,"njacobs@young.org",2112,2020,6,13,2020,6,15),
(4,"keithsamuel@gmail.com",4103,2021,3,7,2021,3,16),
(5,"kellerjulie@foster.com",5073,2020,5,3,2020,5,5),
(6,"theresadavis@gmail.com",5110,2021,11,14,2021,11,24),
(7,"nelsonkristin@yahoo.com",2046,2021,1,18,2021,1,21),
(8,"jessicalewis@rosario.com",4053,2021,5,31,2021,6,6),
(9,"taylortricia@yahoo.com",1170,2021,3,27,2021,4,8),
(10,"kelly51@gmail.com",3062,2020,12,4,2020,12,8),
(11,"whitakerlouis@gmail.com",5059,2020,3,20,2020,3,25),
(12,"yperkins@freeman.net",5115,2021,12,13,2021,12,26),
(13,"johnsonjames@hotmail.com",3097,2020,6,25,2020,7,4),
(14,"kathleen30@gmail.com",5150,2020,11,13,2020,11,15),
(15,"xanderson@yahoo.com",5186,2021,2,18,2021,2,24),
(16,"kellermichael@walters.com",4120,2020,4,27,2020,5,1),
(17,"emilyrhodes@jordan-stark.com",3019,2021,10,27,2021,11,6),
(18,"eadams@gmail.com",1052,2021,7,27,2021,8,7),
(19,"ojordan@gonzales-patel.net",4123,2021,3,15,2021,3,22),
(20,"mcarroll@watts.org",5079,2020,7,6,2020,7,8),
(21,"woodssean@hotmail.com",5109,2020,4,6,2020,4,15),
(22,"willie41@barnes.com",4149,2021,9,18,2021,9,19),
(23,"areynolds@warren-martinez.biz",4039,2020,6,20,2020,6,26),
(24,"james41@castillo.net",2069,2020,8,20,2020,8,24),
(25,"michaelramos@hotmail.com",1177,2021,12,16,2021,12,29),
(26,"frazierzachary@yahoo.com",3084,2020,3,25,2020,4,5),
(27,"iellis@lee-brooks.biz",2196,2021,2,14,2021,2,16),
(28,"robertforbes@hotmail.com",4070,2020,1,21,2020,1,28),
(29,"okirby@mcguire.com",1132,2020,3,11,2020,3,12),
(30,"schultzdonna@flores.org",1105,2021,11,16,2021,11,20),
(31,"erin32@yahoo.com",3043,2020,6,29,2020,7,12),
(32,"qcastro@hotmail.com",3156,2020,5,20,2020,6,2),
(33,"paigewilcox@yahoo.com",1002,2021,6,24,2021,7,5),
(34,"bthomas@pena.org",1111,2021,6,17,2021,6,23),
(35,"nsimon@hotmail.com",3142,2021,6,25,2021,7,7),
(36,"bellalexander@dixon.com",1076,2020,4,8,2020,4,13),
(37,"christine75@campbell-baker.com",3080,2021,4,2,2021,4,7),
(38,"haasjames@phillips.info",4034,2020,1,11,2020,1,12),
(39,"barrjonathon@garcia.org",3084,2020,3,10,2020,3,19),
(40,"ajohnson@martinez-boyd.com",4024,2021,6,3,2021,6,14),
(41,"sholden@yahoo.com",5115,2020,9,10,2020,9,17),
(42,"kellymorris@yahoo.com",1107,2021,1,5,2021,1,6),
(43,"iwright@yahoo.com",3197,2020,3,18,2020,3,31),
(44,"edwardscharles@hotmail.com",4152,2021,2,23,2021,3,1),
(45,"holtzachary@buchanan-hartman.com",2126,2020,3,1,2020,3,2),
(46,"kellymorris@yahoo.com",4080,2021,12,4,2021,12,6),
(47,"jessicaandersen@hotmail.com",5044,2020,6,1,2020,6,8),
(48,"jessica88@branch.biz",1171,2020,3,29,2020,4,11),
(49,"gclark@cunningham-grant.info",3159,2021,9,25,2021,10,8),
(50,"mikedaniels@hotmail.com",4183,2021,4,25,2021,5,6),
(51,"icarpenter@hotmail.com",3003,2020,6,11,2020,6,17),
(52,"jessica24@hotmail.com",2161,2020,11,7,2020,11,11),
(53,"sanchezerik@hotmail.com",2104,2021,3,31,2021,4,5),
(54,"padillamichael@gmail.com",1024,2021,9,25,2021,10,4),
(55,"donnawells@jimenez-young.org",5100,2021,11,23,2021,11,26),
(56,"lorraine52@dillon.info",1081,2021,6,26,2021,6,27),
(57,"carolyn68@flynn-jones.com",2044,2021,9,9,2021,9,12),
(58,"andrewjohnson@curtis.net",5120,2020,4,12,2020,4,13),
(59,"krystal41@johnson.net",4083,2021,3,9,2021,3,17),
(60,"osweeney@yahoo.com",5065,2021,12,25,2022,1,1),
(61,"medinalauren@yahoo.com",3155,2020,11,25,2020,11,26),
(62,"brucematthew@martinez.org",2013,2020,2,27,2020,3,4),
(63,"riveradavid@gonzales.com",4024,2021,12,22,2021,12,24),
(64,"stewartjesus@henry.net",4017,2021,12,21,2021,12,25),
(65,"cestrada@hotmail.com",1120,2021,11,8,2021,11,20),
(66,"michelle00@lindsey.com",3179,2021,2,21,2021,3,2),
(67,"james81@gmail.com",2101,2020,9,8,2020,9,9),
(68,"hardingmichael@yahoo.com",3178,2020,1,8,2020,1,19),
(69,"ljackson@yahoo.com",2146,2021,11,6,2021,11,16),
(70,"whiteheadcarly@morrison-mendez.com",1011,2021,2,16,2021,2,25),
(71,"jacksonanthony@hotmail.com",4113,2020,1,25,2020,2,7),
(72,"jessicalewis@rosario.com",5018,2021,4,2,2021,4,9),
(73,"paigewilcox@yahoo.com",5111,2021,10,9,2021,10,18),
(74,"johnsonjames@hotmail.com",3121,2020,3,13,2020,3,24),
(75,"matthewschmidt@green.com",4181,2021,9,12,2021,9,25),
(76,"xmiller@bryan.com",4018,2020,11,11,2020,11,15),
(77,"nathangarcia@gmail.com",2102,2020,4,9,2020,4,22),
(78,"hgross@phillips-martinez.com",4103,2020,10,3,2020,10,13),
(79,"imanning@hotmail.com",1093,2021,8,13,2021,8,26),
(80,"sfrank@hotmail.com",3174,2020,11,5,2020,11,18),
(81,"johnsonjames@hotmail.com",3094,2020,11,23,2020,11,30),
(82,"richard74@weber-walters.com",3191,2020,10,25,2020,11,1),
(83,"jsmith@patton.com",1004,2020,2,4,2020,2,8),
(84,"nhess@hotmail.com",5184,2020,6,1,2020,6,12),
(85,"zford@gmail.com",1135,2020,12,30,2021,1,11),
(86,"nathangarcia@gmail.com",2190,2020,8,29,2020,9,4),
(87,"nelsonkristin@yahoo.com",5148,2020,10,30,2020,11,3),
(88,"chicks@gmail.com",1097,2020,10,29,2020,11,3),
(89,"eyoung@hotmail.com",1129,2021,12,27,2022,1,3),
(90,"hollandsusan@burnett.com",5146,2021,6,23,2021,6,30),
(91,"ganderson@gmail.com",2187,2021,8,17,2021,8,24),
(92,"brucematthew@martinez.org",1037,2021,4,4,2021,4,9),
(93,"mcculloughangelica@hotmail.com",3067,2020,6,12,2020,6,17),
(94,"gregoryrussell@gmail.com",3101,2021,9,8,2021,9,10),
(95,"chelseabriggs@armstrong.com",5072,2020,2,28,2020,3,1),
(96,"kimberly13@yahoo.com",1110,2020,9,6,2020,9,18),
(97,"thompsonapril@todd.org",3067,2020,1,26,2020,2,3),
(98,"dhale@saunders-jenkins.com",2020,2021,4,16,2021,4,21),
(99,"obrown@yahoo.com",5116,2021,12,29,2022,1,3),
(100,"osmith@jones.net",5062,2021,5,6,2021,5,19),
(101,"fhunter@hardy.biz",4113,2021,11,27,2021,12,6),
(102,"xgallegos@mcdowell-cox.biz",1101,2020,8,14,2020,8,23),
(103,"darlenecalhoun@tucker-hoffman.com",5065,2021,3,21,2021,3,24),
(104,"joseph43@hoffman.biz",1157,2020,6,16,2020,6,17),
(105,"gamblesonya@yahoo.com",5118,2021,11,23,2021,12,2),
(106,"moniquerobinson@hotmail.com",5154,2021,12,10,2021,12,12),
(107,"kirbybrenda@yahoo.com",2122,2020,10,3,2020,10,12),
(108,"delgadomatthew@sanchez.biz",2065,2020,2,26,2020,3,7),
(109,"kevin20@trevino.info",1195,2020,12,10,2020,12,15),
(110,"lperez@thomas-ramos.biz",3116,2020,8,2,2020,8,4),
(111,"mckinneytony@gmail.com",3100,2020,11,20,2020,11,26),
(112,"karenwilson@gmail.com",5103,2021,1,4,2021,1,17),
(113,"heathermoreno@bowers.com",4025,2020,7,3,2020,7,14),
(114,"donnawells@jimenez-young.org",2180,2021,5,23,2021,5,26),
(115,"brianna55@hotmail.com",3058,2020,8,17,2020,8,28),
(116,"reginald52@schneider.com",1117,2021,10,23,2021,11,4),
(117,"vkeith@wells.net",1022,2020,8,19,2020,8,20),
(118,"wmccarthy@brown-estrada.com",3072,2021,8,21,2021,8,22),
(119,"joshua69@fox-miles.com",5107,2021,7,11,2021,7,13),
(120,"njacobs@young.org",5135,2020,6,12,2020,6,20),
(121,"carrie39@hotmail.com",5056,2021,9,21,2021,10,4),
(122,"barrerapatty@fry.biz",4031,2020,2,2,2020,2,7),
(123,"zkerr@gmail.com",2099,2020,1,12,2020,1,16),
(124,"anna71@yahoo.com",4120,2020,8,8,2020,8,20),
(125,"alvin44@gmail.com",1167,2021,4,19,2021,4,30),
(126,"danieljenkins@gmail.com",5094,2021,1,1,2021,1,13),
(127,"tjohnson@hotmail.com",2024,2021,9,27,2021,10,4),
(128,"rachel51@hotmail.com",5153,2020,11,12,2020,11,15),
(129,"fhunter@hardy.biz",5092,2020,12,12,2020,12,24),
(130,"james83@harvey.org",5174,2020,3,26,2020,3,27),
(131,"ericasanchez@yahoo.com",1041,2021,3,16,2021,3,29),
(132,"cestrada@hotmail.com",4075,2020,10,22,2020,11,4),
(133,"willisamanda@gmail.com",3170,2021,8,16,2021,8,19),
(134,"kaylee52@gmail.com",3197,2020,12,27,2020,12,28),
(135,"ronaldflowers@nguyen.com",5185,2021,8,9,2021,8,16),
(136,"rthomas@yahoo.com",1123,2020,10,18,2020,10,25),
(137,"paulscott@yahoo.com",4106,2020,6,15,2020,6,20),
(138,"sarahrowe@martin.info",2057,2020,8,10,2020,8,23),
(139,"carrievasquez@gmail.com",5047,2021,8,15,2021,8,24),
(140,"joseph37@hotmail.com",2093,2020,12,1,2020,12,10),
(141,"eric58@gmail.com",5036,2021,2,11,2021,2,16),
(142,"cclark@hotmail.com",1169,2021,9,5,2021,9,6),
(143,"idawson@yahoo.com",1057,2020,3,7,2020,3,13),
(144,"goodangela@hotmail.com",2170,2020,4,30,2020,5,1),
(145,"zwilliams@gmail.com",1080,2020,1,3,2020,1,13),
(146,"andrewjohnson@curtis.net",3173,2020,1,28,2020,2,5),
(147,"juliecopeland@yahoo.com",2123,2020,10,17,2020,10,28),
(148,"jamesbryant@yahoo.com",3048,2021,5,13,2021,5,20),
(149,"shawnsmith@gmail.com",3198,2021,7,2,2021,7,13),
(150,"corey84@yahoo.com",3137,2020,7,20,2020,7,25),
(151,"langlaura@gutierrez.biz",5079,2021,3,8,2021,3,10),
(152,"tmann@santos.com",3014,2020,12,2,2020,12,7),
(153,"martinezeric@johnson.info",1133,2020,12,28,2021,1,7),
(154,"daniellamb@davis.com",4070,2021,9,27,2021,9,30),
(155,"donna86@underwood.com",5190,2021,5,26,2021,6,3),
(156,"zroach@gmail.com",1169,2021,2,23,2021,2,25),
(157,"karla63@gmail.com",5196,2021,7,4,2021,7,16),
(158,"wharvey@hotmail.com",1008,2021,10,2,2021,10,3),
(159,"derrickdowns@shannon.com",3172,2021,4,15,2021,4,25),
(160,"tyler06@diaz-wilson.com",3175,2020,1,28,2020,2,5),
(161,"whudson@hotmail.com",1113,2020,2,25,2020,2,29),
(162,"jgordon@gonzales-hanson.com",5051,2020,1,8,2020,1,16),
(163,"allenraymond@yahoo.com",1085,2021,4,11,2021,4,13),
(164,"rquinn@hotmail.com",1053,2021,7,15,2021,7,18),
(165,"qcastro@hotmail.com",5184,2020,12,1,2020,12,12),
(166,"william49@riley.org",5142,2021,6,14,2021,6,15),
(167,"amandawilliamson@harrell.com",5064,2021,4,11,2021,4,23),
(168,"hannahwilliams@yahoo.com",4076,2020,8,1,2020,8,5),
(169,"katherine64@gmail.com",1175,2020,9,2,2020,9,6),
(170,"erinjarvis@yahoo.com",4116,2020,6,22,2020,6,30),
(171,"hicksashley@hammond.com",1152,2021,6,26,2021,6,29),
(172,"clarkwilliam@cohen-watkins.net",4045,2021,2,8,2021,2,15),
(173,"ricechristopher@yahoo.com",1056,2021,6,5,2021,6,18),
(174,"tannerkari@love.com",2119,2021,8,26,2021,9,8),
(175,"hannahneal@rodriguez.com",5129,2021,5,15,2021,5,22),
(176,"aliciasmith@berry-shepard.com",3026,2021,3,15,2021,3,27),
(177,"caroline73@gmail.com",4084,2020,6,19,2020,6,24),
(178,"ycoleman@gmail.com",4083,2020,11,13,2020,11,15),
(179,"michael83@hotmail.com",5129,2021,4,4,2021,4,16),
(180,"xgallegos@mcdowell-cox.biz",4162,2020,7,21,2020,7,31),
(181,"roy72@yahoo.com",2199,2020,11,28,2020,11,29),
(182,"mary83@gmail.com",5072,2020,4,8,2020,4,15),
(183,"alan59@martinez-greene.com",1020,2021,4,15,2021,4,26),
(184,"ehoffman@gmail.com",3046,2021,12,5,2021,12,8),
(185,"mcook@yahoo.com",4165,2021,7,18,2021,7,21),
(186,"crawfordryan@meyers.biz",3059,2020,9,4,2020,9,6),
(187,"jdavis@gmail.com",3056,2021,4,24,2021,4,30),
(188,"jessicaandersen@hotmail.com",2098,2020,5,30,2020,6,5),
(189,"williamsrachel@taylor.com",3048,2021,5,2,2021,5,5),
(190,"jessemorrison@stone-fernandez.com",2143,2020,7,24,2020,8,4),
(191,"kimberlydavis@burch.com",3048,2021,7,2,2021,7,13),
(192,"mcarroll@watts.org",1169,2020,7,11,2020,7,21),
(193,"anthonylambert@gmail.com",2120,2020,8,14,2020,8,21),
(194,"barrjonathon@garcia.org",3114,2021,8,13,2021,8,25),
(195,"elizabeth59@allen.com",5149,2021,9,24,2021,9,27),
(196,"willie41@barnes.com",2010,2021,11,28,2021,12,4),
(197,"amandajones@davenport.org",2080,2021,3,20,2021,3,26),
(198,"biancadavis@daugherty-nixon.com",3026,2021,12,22,2021,12,23),
(199,"rodriguezkaren@rodriguez.com",5050,2020,6,18,2020,6,21),
(200,"brittany62@fowler.com",4153,2021,6,18,2021,6,26),
(201,"brian07@sharp-smith.net",5148,2020,8,1,2020,8,12),
(202,"patrickroy@foster.biz",1026,2021,9,27,2021,10,4),
(203,"lparker@leach.com",2114,2020,2,3,2020,2,6),
(204,"kevin37@huang-smith.com",5171,2020,4,22,2020,4,24),
(205,"hinesmary@gmail.com",2030,2021,6,23,2021,6,26),
(206,"juliacoleman@gmail.com",2191,2021,4,21,2021,4,27),
(207,"nsimon@hotmail.com",5033,2020,10,20,2020,10,21),
(208,"robert22@sherman-hudson.com",1190,2021,2,20,2021,3,5),
(209,"fosterjohn@johnson-ramirez.com",4032,2021,11,25,2021,12,4),
(210,"andrearivera@gmail.com",1074,2020,12,11,2020,12,22),
(211,"ojordan@gonzales-patel.net",1059,2020,12,18,2020,12,26),
(212,"gjohnson@yahoo.com",2042,2021,4,8,2021,4,15),
(213,"baileyanna@hotmail.com",2127,2020,7,15,2020,7,21),
(214,"whitemichael@acosta-edwards.com",1004,2021,1,14,2021,1,18),
(215,"areynolds@warren-martinez.biz",5043,2021,8,17,2021,8,21),
(216,"martinezmikayla@sherman.com",4123,2021,5,24,2021,5,27),
(217,"rcrawford@cardenas.com",1187,2021,1,13,2021,1,22),
(218,"rossjohn@hotmail.com",4107,2021,11,8,2021,11,16),
(219,"smithjoshua@wiley-osborne.info",4119,2020,8,26,2020,9,8),
(220,"theresasanchez@yahoo.com",2087,2021,12,7,2021,12,19),
(221,"knightjoseph@gmail.com",2045,2021,10,12,2021,10,17),
(222,"austin81@clark.biz",3089,2020,8,12,2020,8,19),
(223,"meganjones@jackson-barnett.com",5103,2021,1,1,2021,1,2),
(224,"thompsonjustin@yahoo.com",5169,2020,5,24,2020,6,2),
(225,"smithdiana@gmail.com",5031,2020,9,4,2020,9,9),
(226,"michelle00@lindsey.com",5034,2020,12,5,2020,12,14),
(227,"jorge93@pearson-weaver.net",2085,2021,11,4,2021,11,14),
(228,"xgallegos@mcdowell-cox.biz",1057,2020,6,5,2020,6,8),
(229,"martinezmikayla@sherman.com",2135,2021,6,15,2021,6,21),
(230,"kevin37@huang-smith.com",3003,2021,2,20,2021,3,4),
(231,"hdunn@tran-diaz.com",1177,2020,1,19,2020,1,31),
(232,"jordan53@oneal-ford.com",5101,2020,6,26,2020,7,6),
(233,"michaellogan@aguilar.com",4100,2020,9,21,2020,10,3),
(234,"thompsonjustin@yahoo.com",5026,2020,12,14,2020,12,26),
(235,"matthew51@crawford.com",4125,2020,5,27,2020,5,30),
(236,"lancemarshall@alvarado.com",5021,2020,2,26,2020,3,4),
(237,"elizabeth59@allen.com",3161,2021,12,21,2021,12,30),
(238,"jorge93@pearson-weaver.net",2090,2020,8,15,2020,8,23),
(239,"davidstone@ibarra.biz",3052,2020,7,11,2020,7,20),
(240,"ddean@yahoo.com",5028,2021,6,30,2021,7,5),
(241,"wallaceerica@atkinson-peterson.info",5054,2020,6,19,2020,6,20),
(242,"uclark@gmail.com",4124,2021,9,12,2021,9,23),
(243,"williamsmary@gmail.com",2195,2021,7,22,2021,8,3),
(244,"thomasmiller@watson.com",3116,2021,12,4,2021,12,16),
(245,"stonedaniel@gmail.com",5012,2020,1,12,2020,1,19),
(246,"richard40@mcclure.com",1036,2020,8,5,2020,8,8),
(247,"terryhensley@figueroa-farley.biz",1181,2021,3,22,2021,4,3),
(248,"jessedennis@yahoo.com",2168,2020,11,9,2020,11,14),
(249,"jpatel@young.org",3151,2021,10,3,2021,10,10),
(250,"david30@thomas.com",2037,2020,7,2,2020,7,4),
(251,"hrhodes@johnston.biz",5177,2020,2,16,2020,2,17),
(252,"howardsandra@turner.org",1011,2021,8,27,2021,9,5),
(253,"heather84@powell.info",3046,2020,2,23,2020,3,6),
(254,"clayton85@anderson.biz",3074,2020,9,19,2020,9,20),
(255,"robin03@gmail.com",1035,2020,2,2,2020,2,10),
(256,"loriraymond@turner.org",2182,2021,9,3,2021,9,6),
(257,"utaylor@lawrence-gray.com",3158,2020,1,6,2020,1,10),
(258,"millerrobert@adams.com",2190,2020,5,29,2020,6,9),
(259,"tiffany66@williams-fisher.com",1170,2020,6,24,2020,6,26),
(260,"crawfordryan@meyers.biz",5157,2020,9,28,2020,10,11),
(261,"hmartin@little.com",4016,2021,11,26,2021,12,8),
(262,"umonroe@dennis.biz",3179,2020,7,30,2020,8,6),
(263,"joseph38@lindsey.info",1108,2021,6,28,2021,7,11),
(264,"jeffbenton@hotmail.com",4121,2021,10,14,2021,10,26),
(265,"xperkins@ferguson.org",3091,2021,11,2,2021,11,11),
(266,"julie16@sutton.com",4195,2021,1,8,2021,1,14),
(267,"melissa69@mcpherson-herrera.biz",1055,2020,2,1,2020,2,10),
(268,"tannerkari@love.com",2180,2020,6,13,2020,6,25),
(269,"martinezeric@johnson.info",1119,2021,3,18,2021,3,29),
(270,"abrown@yahoo.com",2122,2021,5,5,2021,5,18),
(271,"ddean@yahoo.com",3021,2020,12,8,2020,12,10),
(272,"ochambers@ortiz.com",4117,2021,7,1,2021,7,11),
(273,"richardpatel@hotmail.com",1156,2020,6,5,2020,6,14),
(274,"misty65@yahoo.com",5023,2021,9,10,2021,9,14),
(275,"williamsrachel@taylor.com",2092,2021,11,20,2021,11,30),
(276,"joseph28@johnson.info",3004,2020,1,10,2020,1,11),
(277,"higginsbrianna@hotmail.com",2040,2021,3,6,2021,3,7),
(278,"ronaldflowers@nguyen.com",1058,2021,11,5,2021,11,7),
(279,"melinda21@andrews-chaney.biz",3173,2020,4,13,2020,4,23),
(280,"thompsonapril@todd.org",5145,2020,10,1,2020,10,5),
(281,"melissacarter@yahoo.com",4077,2021,9,10,2021,9,14),
(282,"adriennemiller@hotmail.com",3123,2020,5,6,2020,5,18),
(283,"glenn30@yahoo.com",2187,2021,11,4,2021,11,9),
(284,"fhunter@hardy.biz",1190,2020,4,14,2020,4,17),
(285,"johnbush@johnson.org",2093,2021,5,10,2021,5,19),
(286,"juliacoleman@gmail.com",1072,2020,10,22,2020,11,3),
(287,"zacharypark@gmail.com",3165,2020,6,14,2020,6,20),
(288,"ufoster@freeman-hill.org",1087,2021,7,4,2021,7,12),
(289,"matthew87@cooper-huff.com",1197,2021,11,30,2021,12,12),
(290,"deannawheeler@nicholson-gonzalez.org",5133,2020,1,10,2020,1,16),
(291,"dmurphy@lopez.com",5178,2021,7,28,2021,8,2),
(292,"christopher91@martinez.com",2045,2020,1,3,2020,1,13),
(293,"nchase@stephens.com",4119,2020,11,22,2020,11,24),
(294,"lisa41@cook.org",3197,2021,3,4,2021,3,14),
(295,"audreysmith@gmail.com",2139,2020,3,3,2020,3,9),
(296,"debbie37@garcia.org",4008,2020,10,13,2020,10,19),
(297,"edwardskaren@gmail.com",1028,2020,7,19,2020,7,26),
(298,"millervictoria@edwards.org",3177,2021,5,15,2021,5,22),
(299,"ygonzalez@salazar.info",1197,2021,2,13,2021,2,24),
(300,"daniel89@hotmail.com",2187,2020,7,22,2020,7,23),
(301,"juliehernandez@smith-simon.com",1047,2021,6,16,2021,6,26),
(302,"frogers@martinez.com",3079,2021,7,19,2021,7,27),
(303,"simpsonsteven@hotmail.com",4127,2020,2,17,2020,2,24),
(304,"ntrujillo@rodriguez-schwartz.com",3171,2021,11,16,2021,11,20),
(305,"thomasmiller@watson.com",3110,2020,10,26,2020,10,31),
(306,"dwashington@long.org",2097,2020,1,7,2020,1,15),
(307,"rbates@maynard.biz",2171,2020,7,27,2020,7,28),
(308,"andrewsharp@gmail.com",5187,2021,8,22,2021,8,28),
(309,"austin49@king.com",3050,2020,12,25,2021,1,2),
(310,"brandondawson@baird.com",2079,2021,2,14,2021,2,25),
(311,"rebeccamurphy@gmail.com",5152,2021,9,4,2021,9,9),
(312,"shawnrios@yahoo.com",3073,2021,8,20,2021,8,25),
(313,"vickiblack@kerr-solomon.com",3023,2021,12,15,2021,12,20),
(314,"tiffanychapman@hotmail.com",2172,2021,1,4,2021,1,17),
(315,"knightjoseph@gmail.com",2038,2021,12,29,2022,1,2),
(316,"joseph28@johnson.info",2168,2020,7,1,2020,7,10),
(317,"owensjackie@sullivan.com",3158,2021,12,29,2021,12,30),
(318,"jessemorrison@stone-fernandez.com",4099,2021,12,9,2021,12,22),
(319,"jasondecker@day-mendez.org",2080,2021,3,11,2021,3,18),
(320,"robertreed@watts.com",3115,2020,8,7,2020,8,17),
(321,"patricia82@gardner.com",5077,2021,4,9,2021,4,10),
(322,"tiffanymoran@andersen-adams.net",3089,2021,5,30,2021,6,8),
(323,"aliciasmith@berry-shepard.com",3173,2020,7,5,2020,7,10),
(324,"rquinn@hotmail.com",2171,2021,5,23,2021,5,24),
(325,"angela26@hernandez.com",3050,2021,1,28,2021,2,9),
(326,"wharvey@hotmail.com",4086,2020,10,29,2020,11,4),
(327,"zfletcher@ross-saunders.com",5018,2021,8,20,2021,8,26),
(328,"davidmann@hotmail.com",2036,2020,7,7,2020,7,16),
(329,"aanderson@gmail.com",2007,2020,8,18,2020,8,28),
(330,"pittsjessica@fernandez-cantrell.info",2148,2020,11,27,2020,12,1),
(331,"melissaphillips@cox.org",5163,2020,8,25,2020,9,5),
(332,"eluna@yahoo.com",4032,2021,3,23,2021,3,30),
(333,"jessicaandersen@hotmail.com",1113,2020,6,11,2020,6,16),
(334,"stevensmith@griffin.com",5123,2020,3,5,2020,3,17),
(335,"allenlisa@vasquez-williams.net",1013,2020,1,18,2020,1,26),
(336,"nbrady@gmail.com",1099,2021,5,14,2021,5,15),
(337,"kking@gmail.com",1087,2021,6,7,2021,6,17),
(338,"cristianbauer@powell.org",1097,2021,2,25,2021,3,6),
(339,"xpayne@weber-young.com",2196,2020,3,6,2020,3,17),
(340,"idawson@yahoo.com",5069,2021,9,15,2021,9,19),
(341,"arellanonicole@griffin.com",2029,2021,2,24,2021,2,27),
(342,"baileyanna@hotmail.com",1133,2021,10,21,2021,10,27),
(343,"michellewilliams@gonzales.net",4062,2021,6,1,2021,6,2),
(344,"sjackson@gmail.com",1185,2020,7,29,2020,7,31),
(345,"karenwilson@gmail.com",2168,2021,12,7,2021,12,20),
(346,"chris80@sullivan.net",3077,2020,8,7,2020,8,19),
(347,"bakeryvonne@evans.com",3131,2020,10,15,2020,10,20),
(348,"linda75@davis.biz",4129,2021,8,14,2021,8,20),
(349,"bakeryvonne@evans.com",1102,2021,2,26,2021,2,27),
(350,"michael87@rose.biz",3084,2021,12,26,2022,1,3),
(351,"xmiller@bryan.com",1090,2020,9,26,2020,10,5),
(352,"clang@crawford-fisher.biz",3184,2020,7,27,2020,7,30),
(353,"cowanricky@gmail.com",4197,2021,9,19,2021,10,1),
(354,"dorothy84@kerr-johnson.biz",3029,2020,8,24,2020,8,30),
(355,"bryantzachary@yahoo.com",1126,2021,4,6,2021,4,11),
(356,"felicia17@hotmail.com",5174,2020,2,2,2020,2,5),
(357,"patrickklein@calderon.biz",5038,2021,4,8,2021,4,10),
(358,"christie01@chen-martinez.com",5165,2021,8,19,2021,8,31),
(359,"juliacoleman@gmail.com",5121,2021,6,19,2021,6,29),
(360,"melinda21@andrews-chaney.biz",2046,2021,2,22,2021,3,5),
(361,"jessicaglass@hernandez.com",3167,2020,8,13,2020,8,23),
(362,"rodriguezkaren@rodriguez.com",5117,2021,4,11,2021,4,20),
(363,"tiffanymoran@andersen-adams.net",3062,2021,7,21,2021,7,25),
(364,"reyesangela@williams-lewis.biz",3129,2021,4,23,2021,5,1),
(365,"vcarter@rice-peterson.com",1037,2020,5,4,2020,5,17),
(366,"pmartinez@everett.com",1088,2020,10,31,2020,11,3),
(367,"angela79@hotmail.com",4166,2021,2,19,2021,2,23),
(368,"michael10@dillon.com",5163,2020,11,11,2020,11,13),
(369,"victoria36@frye.com",1175,2020,8,21,2020,8,28),
(370,"richardpatel@hotmail.com",4100,2020,11,1,2020,11,10),
(371,"cowanricky@gmail.com",2024,2020,6,11,2020,6,23),
(372,"kimberly13@yahoo.com",1095,2021,5,21,2021,6,2),
(373,"maria12@rogers.info",1193,2020,9,29,2020,10,4),
(374,"hedwards@hotmail.com",5017,2021,5,23,2021,5,31),
(375,"brandondawson@baird.com",5137,2021,3,29,2021,4,10),
(376,"uhouse@hotmail.com",2072,2020,8,5,2020,8,9),
(377,"theresasanchez@yahoo.com",2029,2021,11,26,2021,12,3),
(378,"steeleandrew@howell.com",5166,2020,9,13,2020,9,16),
(379,"jgordon@gonzales-hanson.com",3132,2021,7,21,2021,7,26),
(380,"baileyanna@hotmail.com",5071,2021,1,17,2021,1,25),
(381,"joseph28@johnson.info",3144,2020,7,12,2020,7,16),
(382,"richard40@mcclure.com",3057,2020,7,17,2020,7,21),
(383,"walkersamantha@gmail.com",1126,2021,9,22,2021,9,30),
(384,"nicole91@chapman.com",5167,2020,6,24,2020,6,30),
(385,"greencharles@hotmail.com",5076,2020,12,12,2020,12,15),
(386,"leahlowery@hotmail.com",2151,2020,3,19,2020,3,30),
(387,"sharon17@gmail.com",4184,2020,5,23,2020,5,28),
(388,"millerautumn@yahoo.com",1030,2020,3,3,2020,3,13),
(389,"derrickdowns@shannon.com",3150,2021,1,3,2021,1,7),
(390,"lisa41@cook.org",3131,2020,1,28,2020,2,3),
(391,"deannawheeler@nicholson-gonzalez.org",5167,2020,2,12,2020,2,22),
(392,"pmartinez@everett.com",2176,2021,9,2,2021,9,14),
(393,"michaelrodriguez@gonzalez-cardenas.com",1004,2021,6,19,2021,6,23),
(394,"jsmith@patton.com",4112,2021,12,28,2021,12,31),
(395,"kimberlydavis@burch.com",1151,2021,5,4,2021,5,17),
(396,"davidmoses@gmail.com",3180,2021,8,10,2021,8,22),
(397,"tayala@hotmail.com",3162,2021,1,14,2021,1,22),
(398,"randysmith@gmail.com",3105,2021,4,8,2021,4,12),
(399,"lstewart@adams.com",3034,2021,7,21,2021,8,2),
(400,"andrewponce@stephenson.com",4177,2021,4,26,2021,5,1),
(401,"nicole57@yahoo.com",4060,2021,2,7,2021,2,15),
(402,"andrerandall@davis-ortiz.com",1175,2021,7,9,2021,7,10),
(403,"osweeney@yahoo.com",1115,2020,10,31,2020,11,4),
(404,"cmontes@meadows.com",1059,2020,11,12,2020,11,24),
(405,"teresa21@hotmail.com",4051,2021,5,6,2021,5,19),
(406,"kevin20@trevino.info",3080,2021,4,12,2021,4,23),
(407,"shawnsmith@gmail.com",2151,2020,4,11,2020,4,13),
(408,"andrewponce@stephenson.com",2062,2020,5,1,2020,5,14),
(409,"woodcathy@gmail.com",4132,2020,10,29,2020,11,11),
(410,"jillbrown@farley-wood.info",1138,2020,3,16,2020,3,28),
(411,"candice20@thompson.com",5173,2021,4,15,2021,4,24),
(412,"ygonzalez@salazar.info",3176,2021,6,16,2021,6,23),
(413,"laura86@patton.info",4014,2021,9,13,2021,9,17),
(414,"ericksonjoshua@hotmail.com",4184,2020,3,14,2020,3,23),
(415,"mckinneylisa@yahoo.com",1102,2020,8,17,2020,8,30),
(416,"mcarroll@watts.org",2108,2020,7,11,2020,7,14),
(417,"muellertony@grant.com",2036,2021,7,2,2021,7,13),
(418,"millernancy@hotmail.com",4123,2020,10,21,2020,10,31),
(419,"boyddylan@williams.com",2025,2021,9,21,2021,9,25),
(420,"mckinneylisa@yahoo.com",4057,2021,5,31,2021,6,11),
(421,"timothymiller@brown.com",2055,2021,7,7,2021,7,14),
(422,"rprice@clark-huff.com",5093,2020,4,8,2020,4,21),
(423,"tjohnson@hotmail.com",2043,2020,6,15,2020,6,21),
(424,"danielhanson@smith.net",5155,2021,6,21,2021,6,29),
(425,"acompton@carlson-dorsey.com",5017,2020,10,25,2020,11,2),
(426,"williamtaylor@yahoo.com",1059,2020,7,15,2020,7,22),
(427,"jimenezvictor@gmail.com",4049,2021,12,28,2022,1,4),
(428,"janetrodriguez@johnson.info",2144,2021,11,17,2021,11,25),
(429,"fhunter@hardy.biz",5175,2021,9,12,2021,9,20),
(430,"stephen48@underwood.net",1033,2021,12,1,2021,12,13),
(431,"othomas@lawson.biz",3097,2021,9,11,2021,9,12),
(432,"brownashley@montgomery.org",1187,2021,6,28,2021,7,7),
(433,"selena79@garcia.info",4044,2020,6,15,2020,6,24),
(434,"joneskrystal@williams.com",5140,2020,12,27,2021,1,4),
(435,"lewispatricia@turner.info",1091,2021,3,3,2021,3,10),
(436,"beth96@hotmail.com",3179,2021,4,2,2021,4,5),
(437,"xwilliams@brooks-munoz.org",3010,2020,11,28,2020,12,10),
(438,"dvargas@yahoo.com",2049,2021,1,25,2021,1,31),
(439,"morganchristensen@yahoo.com",3167,2020,4,21,2020,5,2),
(440,"cory69@schmidt.biz",1033,2021,9,12,2021,9,24),
(441,"harrisonjoseph@hotmail.com",2150,2021,4,29,2021,5,8),
(442,"dhale@saunders-jenkins.com",1145,2021,11,23,2021,11,27),
(443,"mortiz@gmail.com",1143,2020,5,8,2020,5,18),
(444,"rita47@wheeler-duncan.info",5051,2020,3,17,2020,3,21),
(445,"angela13@gmail.com",1140,2020,4,25,2020,5,1),
(446,"trice@morgan.com",4083,2021,9,26,2021,9,30),
(447,"edwinjefferson@hotmail.com",3065,2020,4,23,2020,4,24),
(448,"kathleen30@gmail.com",4060,2021,10,9,2021,10,16),
(449,"qparrish@merritt-rice.com",1173,2021,6,29,2021,7,5),
(450,"khanvirginia@livingston.org",2039,2020,4,12,2020,4,18),
(451,"paigewilcox@yahoo.com",3128,2020,6,17,2020,6,22),
(452,"castanedawillie@martinez-collins.com",3092,2020,4,27,2020,5,2),
(453,"andrerandall@davis-ortiz.com",1097,2020,3,25,2020,3,30),
(454,"andrewjohnson@curtis.net",2045,2020,8,17,2020,8,24),
(455,"austin81@clark.biz",3022,2020,12,3,2020,12,14),
(456,"xcarroll@gmail.com",5074,2021,8,6,2021,8,16),
(457,"eluna@yahoo.com",5132,2020,6,4,2020,6,7),
(458,"andrearivera@gmail.com",4131,2021,8,10,2021,8,12),
(459,"hreynolds@gmail.com",4131,2020,12,17,2020,12,29),
(460,"theresadavis@gmail.com",1025,2021,4,28,2021,5,1),
(461,"rachel51@hotmail.com",3123,2021,1,23,2021,1,25),
(462,"michael23@cox-tucker.net",4072,2021,6,19,2021,6,20),
(463,"hgross@phillips-martinez.com",1115,2020,7,31,2020,8,7),
(464,"nbrady@gmail.com",1038,2021,6,23,2021,6,27),
(465,"turnerfrank@yahoo.com",4174,2020,4,2,2020,4,13),
(466,"howelleric@french.org",4179,2020,8,13,2020,8,26),
(467,"mercadoelizabeth@franklin.org",4181,2020,7,21,2020,7,28),
(468,"isharp@hatfield-james.info",1152,2021,3,19,2021,3,27),
(469,"christine75@campbell-baker.com",1161,2021,9,17,2021,9,18),
(470,"hannahneal@rodriguez.com",3173,2021,5,14,2021,5,27),
(471,"mayswilliam@hotmail.com",3097,2020,4,18,2020,4,20),
(472,"ujohnston@yahoo.com",5130,2020,3,2,2020,3,9),
(473,"tiffanylawrence@gmail.com",5125,2020,2,5,2020,2,18),
(474,"gjohnson@yahoo.com",1200,2021,10,3,2021,10,16),
(475,"jimeneznathaniel@yahoo.com",5181,2021,11,12,2021,11,24),
(476,"gclark@cunningham-grant.info",1135,2021,3,7,2021,3,15),
(477,"brendajennings@gallagher-rogers.com",2086,2020,12,4,2020,12,5),
(478,"tayala@hotmail.com",1071,2020,6,5,2020,6,13),
(479,"keith33@yahoo.com",4055,2021,1,5,2021,1,15),
(480,"jared90@gmail.com",1071,2020,2,23,2020,2,28),
(481,"brandttaylor@galvan.com",3180,2020,6,1,2020,6,14),
(482,"pcox@gmail.com",2007,2021,11,9,2021,11,21),
(483,"schultzdonna@flores.org",3110,2020,10,26,2020,10,30),
(484,"matthew51@crawford.com",5116,2021,11,27,2021,12,1),
(485,"davidhubbard@gmail.com",3153,2020,3,17,2020,3,21),
(486,"richardclark@hotmail.com",1148,2021,2,8,2021,2,9),
(487,"hrhodes@johnston.biz",2155,2020,7,16,2020,7,19),
(488,"steeletonya@gmail.com",1030,2021,8,23,2021,8,25),
(489,"gamblesonya@yahoo.com",1065,2020,4,23,2020,5,6),
(490,"nbowen@yahoo.com",5057,2020,10,24,2020,11,4),
(491,"williamsrachel@taylor.com",4086,2020,9,21,2020,9,25),
(492,"hannahwilliams@yahoo.com",4016,2021,12,9,2021,12,22),
(493,"scottconley@hotmail.com",3142,2021,2,23,2021,3,5),
(494,"bakeryvonne@evans.com",4169,2020,4,5,2020,4,18),
(495,"robbinscynthia@barnett.com",1186,2021,8,15,2021,8,18),
(496,"tommy16@david-roth.com",1180,2020,3,17,2020,3,28),
(497,"juliacoleman@gmail.com",3088,2021,12,11,2021,12,21),
(498,"kellyalexander@yahoo.com",2016,2021,10,7,2021,10,19),
(499,"patricia52@gmail.com",5037,2020,9,22,2020,9,24),
(500,"angela94@french.com",2046,2021,9,14,2021,9,25),
(501,"johnjohnson@gmail.com",4122,2020,6,12,2020,6,16),
(502,"kkelly@hotmail.com",4151,2020,10,5,2020,10,8),
(503,"langlaura@gutierrez.biz",3155,2021,1,3,2021,1,5),
(504,"jeremybrowning@jordan.com",5119,2020,4,13,2020,4,18),
(505,"dennis62@kennedy.com",3038,2021,6,24,2021,7,4),
(506,"christine94@yahoo.com",4100,2021,6,3,2021,6,4),
(507,"unorman@lewis.com",2054,2020,3,6,2020,3,15),
(508,"theresadavis@gmail.com",3178,2020,11,20,2020,12,2),
(509,"daniellamb@davis.com",5062,2020,8,3,2020,8,7),
(510,"langlaura@gutierrez.biz",5086,2020,3,15,2020,3,19),
(511,"charles78@lawson-gardner.com",2086,2021,9,28,2021,10,4),
(512,"chris80@sullivan.net",3152,2021,11,17,2021,11,18),
(513,"mckinneytony@gmail.com",4171,2020,4,27,2020,5,8),
(514,"owang@murray.com",1166,2021,11,25,2021,11,29),
(515,"qswanson@clark-jarvis.com",1149,2021,5,16,2021,5,19),
(516,"james41@castillo.net",3179,2021,2,24,2021,3,3),
(517,"xcarroll@gmail.com",1151,2020,8,1,2020,8,13),
(518,"felicia70@hotmail.com",1106,2021,9,11,2021,9,17),
(519,"rossjohn@hotmail.com",2007,2020,11,14,2020,11,24),
(520,"dwashington@long.org",5025,2021,12,1,2021,12,10),
(521,"kevin37@huang-smith.com",1175,2020,9,28,2020,10,8),
(522,"morajustin@hotmail.com",2187,2020,3,22,2020,3,28),
(523,"jessedennis@yahoo.com",3158,2020,11,7,2020,11,14),
(524,"stewartjesus@henry.net",4171,2020,7,26,2020,8,8),
(525,"hgross@phillips-martinez.com",3029,2020,11,15,2020,11,24),
(526,"michaelabbott@hendricks-charles.org",1020,2020,1,12,2020,1,13),
(527,"katrinapotter@hotmail.com",2036,2021,8,23,2021,9,4),
(528,"danielhanson@smith.net",4077,2021,9,6,2021,9,17),
(529,"owang@murray.com",1161,2021,5,18,2021,5,25),
(530,"katrinapotter@hotmail.com",5197,2021,7,5,2021,7,9),
(531,"fosterjohn@johnson-ramirez.com",4182,2020,3,3,2020,3,16),
(532,"ujones@gmail.com",5087,2021,11,23,2021,12,5),
(533,"saracarpenter@schwartz-hall.info",2166,2020,8,14,2020,8,24),
(534,"camachobobby@hotmail.com",3064,2020,7,24,2020,7,30),
(535,"normandavid@robinson-cox.net",3173,2021,7,22,2021,7,23),
(536,"lflores@yahoo.com",4004,2021,3,24,2021,3,31),
(537,"iwilliams@gmail.com",5047,2020,12,10,2020,12,23),
(538,"xanderson@yahoo.com",3166,2020,5,22,2020,5,28),
(539,"debra84@yahoo.com",4071,2020,12,17,2020,12,30),
(540,"marvin86@hotmail.com",1099,2021,10,27,2021,11,4),
(541,"kelly98@winters.info",4002,2020,3,13,2020,3,21),
(542,"amanda25@hotmail.com",5154,2020,2,4,2020,2,12),
(543,"terryhensley@figueroa-farley.biz",1132,2020,9,3,2020,9,16),
(544,"bmiller@hotmail.com",4009,2021,2,19,2021,2,23),
(545,"yrios@hotmail.com",5167,2021,10,13,2021,10,19),
(546,"hernandezdana@yahoo.com",4144,2021,3,27,2021,3,31),
(547,"daniel88@sanchez.info",3136,2021,8,12,2021,8,20),
(548,"coxtheresa@phillips.com",5129,2020,6,22,2020,6,25),
(549,"zavery@hotmail.com",5196,2020,7,8,2020,7,9),
(550,"wmurphy@yahoo.com",5154,2020,5,2,2020,5,8),
(551,"mgomez@hotmail.com",3030,2020,10,2,2020,10,10),
(552,"teresatucker@hotmail.com",2081,2020,6,29,2020,7,4),
(553,"josephbenitez@evans-lee.info",5129,2020,4,7,2020,4,12),
(554,"xmiller@bryan.com",2122,2021,4,25,2021,4,26),
(555,"richard53@hotmail.com",3158,2020,4,19,2020,4,27),
(556,"jeffery23@yahoo.com",1140,2021,1,17,2021,1,20),
(557,"robert33@hotmail.com",2164,2021,11,30,2021,12,6),
(558,"heather84@powell.info",3106,2021,4,12,2021,4,19),
(559,"karla63@gmail.com",2114,2021,11,8,2021,11,12),
(560,"waltonjoseph@grant.org",4037,2021,3,24,2021,3,28),
(561,"lmckenzie@yahoo.com",4025,2020,8,18,2020,8,29),
(562,"kimberly47@robinson.com",1081,2021,7,22,2021,7,23),
(563,"iperez@hotmail.com",5171,2020,7,20,2020,7,26),
(564,"stephanie89@harrison-wilson.biz",2098,2020,12,25,2020,12,31),
(565,"scottwilliam@morgan.com",4140,2021,1,7,2021,1,9),
(566,"xanderson@yahoo.com",4199,2021,5,14,2021,5,15),
(567,"dwaynefoster@gmail.com",4088,2021,3,4,2021,3,7),
(568,"brandttaylor@galvan.com",4039,2020,9,29,2020,9,30),
(569,"chelseabriggs@armstrong.com",1116,2020,11,22,2020,12,2),
(570,"shawnrios@yahoo.com",4036,2020,10,9,2020,10,22),
(571,"robertayala@gmail.com",3120,2020,3,8,2020,3,14),
(572,"franciskatelyn@norris-davis.biz",3027,2021,9,7,2021,9,14),
(573,"robert54@hotmail.com",2083,2020,12,11,2020,12,18),
(574,"derektaylor@yahoo.com",1149,2020,5,25,2020,5,26),
(575,"kathleen30@gmail.com",3103,2020,10,16,2020,10,25),
(576,"rachel51@hotmail.com",2124,2020,11,11,2020,11,14),
(577,"janetrodriguez@johnson.info",2090,2020,6,27,2020,7,7),
(578,"brettjuarez@walker.org",4039,2021,12,2,2021,12,5),
(579,"howardsandra@turner.org",5064,2021,7,6,2021,7,8),
(580,"zramirez@lopez-myers.com",2080,2020,3,20,2020,4,2),
(581,"jillbrown@farley-wood.info",2032,2021,12,4,2021,12,9),
(582,"jamieclements@hotmail.com",3103,2021,12,20,2021,12,28),
(583,"xhenry@gomez-johnson.info",3097,2021,6,23,2021,7,5),
(584,"jillbrown@farley-wood.info",1068,2021,8,24,2021,9,1),
(585,"vcarter@rice-peterson.com",5074,2021,6,29,2021,7,8),
(586,"phillipserin@chavez-walker.org",5147,2020,10,27,2020,11,6),
(587,"clarkwilliam@cohen-watkins.net",5148,2020,12,20,2020,12,27),
(588,"jimeneznathaniel@yahoo.com",5060,2021,10,30,2021,11,1),
(589,"castillojennifer@yahoo.com",2101,2021,1,15,2021,1,18),
(590,"tlawson@gmail.com",4120,2021,4,1,2021,4,13),
(591,"donaldjacobs@gmail.com",5029,2020,3,1,2020,3,13),
(592,"matthewheath@hotmail.com",3087,2020,3,29,2020,4,3),
(593,"okirby@mcguire.com",2110,2021,10,20,2021,10,23),
(594,"gregoryrussell@gmail.com",3040,2021,12,26,2021,12,31),
(595,"paulperry@combs.net",2121,2021,6,28,2021,7,6),
(596,"hreynolds@gmail.com",3176,2020,4,6,2020,4,16),
(597,"melissa69@mcpherson-herrera.biz",4030,2021,2,8,2021,2,9),
(598,"marydavis@caldwell.com",2191,2020,10,7,2020,10,18),
(599,"clewis@harrell.org",3016,2021,4,13,2021,4,25),
(600,"gmarshall@gmail.com",5095,2021,1,20,2021,1,26),
(601,"mcook@yahoo.com",3016,2021,5,17,2021,5,30),
(602,"kellymorris@yahoo.com",2107,2020,4,21,2020,5,2),
(603,"leahlowery@hotmail.com",3158,2021,12,15,2021,12,26),
(604,"lstewart@adams.com",1167,2020,9,11,2020,9,12),
(605,"skinnerkevin@gmail.com",1029,2020,11,9,2020,11,20),
(606,"ntrujillo@rodriguez-schwartz.com",4025,2021,10,10,2021,10,17),
(607,"james41@castillo.net",2153,2021,1,24,2021,1,29),
(608,"ujenkins@norman.org",4005,2021,9,6,2021,9,10),
(609,"xhenry@gomez-johnson.info",5180,2020,3,26,2020,3,30),
(610,"hodgesjoseph@yahoo.com",3073,2021,12,6,2021,12,14),
(611,"cameronnelson@robertson.org",2045,2020,2,26,2020,3,1),
(612,"wharvey@hotmail.com",1174,2021,8,15,2021,8,16),
(613,"kaylee52@gmail.com",5055,2020,11,19,2020,11,20),
(614,"nancy29@hotmail.com",1116,2021,8,7,2021,8,8),
(615,"michelle55@yahoo.com",5148,2020,12,17,2020,12,18),
(616,"linda74@khan.com",3118,2021,8,10,2021,8,13),
(617,"brittanyweaver@robles-manning.com",2114,2021,3,16,2021,3,18),
(618,"daniel89@hotmail.com",1027,2020,7,18,2020,7,26),
(619,"sarahedwards@gmail.com",5019,2021,7,12,2021,7,15),
(620,"jamieclements@hotmail.com",5049,2020,6,7,2020,6,20),
(621,"christophermiller@gmail.com",4088,2021,6,10,2021,6,17),
(622,"bryan89@yahoo.com",2016,2020,5,22,2020,5,25),
(623,"jpatel@young.org",2010,2020,11,28,2020,12,7),
(624,"christopher11@yahoo.com",3109,2020,12,29,2021,1,5),
(625,"mccoynicole@hotmail.com",5037,2020,11,22,2020,11,24),
(626,"imanning@hotmail.com",4024,2020,4,9,2020,4,19),
(627,"sjackson@gmail.com",1136,2020,8,28,2020,9,4),
(628,"yluna@gmail.com",1009,2021,4,1,2021,4,14),
(629,"ygonzalez@salazar.info",2170,2020,2,22,2020,2,27),
(630,"greenmiguel@gmail.com",2008,2020,3,25,2020,4,1),
(631,"laura86@patton.info",3042,2020,5,25,2020,6,1),
(632,"lfisher@young.biz",2068,2021,4,7,2021,4,20),
(633,"logansmith@strickland-murphy.com",1123,2021,11,26,2021,12,8),
(634,"morganmelissa@yahoo.com",3197,2020,6,14,2020,6,16),
(635,"ngonzalez@gross-herrera.com",1156,2021,1,13,2021,1,25),
(636,"greenmiguel@gmail.com",4087,2020,8,24,2020,8,30),
(637,"hreynolds@gmail.com",5122,2021,6,2,2021,6,7),
(638,"nathaniel18@grant.info",1037,2020,8,20,2020,8,24),
(639,"kirbyangela@montgomery-mccoy.biz",3153,2021,7,10,2021,7,12),
(640,"bryantzachary@yahoo.com",1161,2021,9,4,2021,9,9),
(641,"johnsonjames@hotmail.com",5056,2020,6,8,2020,6,16),
(642,"bryantsarah@gmail.com",4002,2020,8,30,2020,9,3),
(643,"nelsonkristin@yahoo.com",2131,2021,9,29,2021,10,10),
(644,"brian07@sharp-smith.net",3151,2021,11,20,2021,11,25),
(645,"kimberly15@gmail.com",3010,2021,2,13,2021,2,26),
(646,"owilliams@higgins.com",5125,2020,12,28,2020,12,30),
(647,"lfisher@young.biz",1046,2021,11,28,2021,12,11),
(648,"angela67@cisneros.com",2143,2021,7,29,2021,8,10),
(649,"ehoffman@gmail.com",4017,2020,4,23,2020,5,4),
(650,"brandttaylor@galvan.com",5099,2021,2,22,2021,3,7),
(651,"ann17@wilson.com",1025,2020,10,28,2020,11,5),
(652,"zkerr@gmail.com",3153,2020,6,30,2020,7,4),
(653,"morganmelissa@yahoo.com",5050,2021,10,25,2021,11,3),
(654,"callahandiana@smith.net",4172,2021,7,24,2021,7,30),
(655,"kylemorrison@carpenter.net",3175,2021,12,17,2021,12,25),
(656,"thompsonchristopher@harrison.info",3128,2021,2,3,2021,2,8),
(657,"brittany62@fowler.com",2044,2021,5,30,2021,6,5),
(658,"jared90@gmail.com",4030,2020,7,15,2020,7,17),
(659,"michaelgoodman@yahoo.com",4112,2020,12,5,2020,12,13),
(660,"foxleah@ortiz-richards.com",2193,2021,7,13,2021,7,16),
(661,"martinezeric@johnson.info",1101,2020,8,27,2020,8,31),
(662,"gnguyen@gmail.com",5089,2020,5,24,2020,6,6),
(663,"valerie14@hardy.com",2134,2020,7,22,2020,7,30),
(664,"tatelinda@yahoo.com",2049,2021,11,6,2021,11,18),
(665,"brittanyweaver@robles-manning.com",4143,2020,12,7,2020,12,20),
(666,"deannawheeler@nicholson-gonzalez.org",2183,2020,1,5,2020,1,17),
(667,"amanda25@hotmail.com",3178,2020,12,1,2020,12,9),
(668,"gloria53@yahoo.com",4199,2020,11,26,2020,11,27),
(669,"barrettrebecca@pope.org",3158,2021,9,10,2021,9,18),
(670,"tracy94@rodriguez-jones.com",5197,2021,12,14,2021,12,20),
(671,"brian20@gmail.com",1131,2020,4,15,2020,4,23),
(672,"michelle26@gmail.com",4138,2021,8,5,2021,8,18),
(673,"higginsbrianna@hotmail.com",5114,2021,7,16,2021,7,17),
(674,"angela26@hernandez.com",2014,2021,11,22,2021,11,24),
(675,"qmcneil@yahoo.com",2107,2020,5,16,2020,5,27),
(676,"felicia70@hotmail.com",4099,2021,10,28,2021,10,29),
(677,"barbarawhite@hotmail.com",2198,2021,8,27,2021,9,9),
(678,"ybrown@yahoo.com",1186,2021,8,17,2021,8,18),
(679,"melissaacosta@thomas-robinson.com",1139,2020,5,12,2020,5,24),
(680,"elizabethharrell@gmail.com",5177,2020,1,6,2020,1,17),
(681,"anna34@mcfarland.info",2109,2020,5,22,2020,5,24),
(682,"kimberlypierce@hernandez-young.com",4096,2020,8,11,2020,8,18),
(683,"gregoryalbert@griffin.com",3012,2020,10,23,2020,11,5),
(684,"kimberly37@johnson.com",2138,2021,4,25,2021,4,30),
(685,"justin97@yahoo.com",4024,2020,4,3,2020,4,5),
(686,"jillianchristian@yahoo.com",5116,2020,7,17,2020,7,30),
(687,"riveradavid@gonzales.com",3096,2021,7,29,2021,7,31),
(688,"brandondawson@baird.com",4178,2021,7,23,2021,8,4),
(689,"tatelinda@yahoo.com",5029,2020,7,19,2020,7,27),
(690,"chandlerrachel@lee-murphy.org",5120,2020,7,21,2020,7,26),
(691,"holly34@grimes.com",5118,2020,5,19,2020,5,31),
(692,"reginald52@schneider.com",4098,2021,6,15,2021,6,28),
(693,"greg79@ruiz.com",1135,2021,5,21,2021,5,31),
(694,"qsilva@lara.com",3086,2021,5,30,2021,6,12),
(695,"yli@bass.com",4015,2020,9,27,2020,10,2),
(696,"jonesbreanna@hotmail.com",5166,2020,4,30,2020,5,6),
(697,"greg79@ruiz.com",1008,2020,12,4,2020,12,10),
(698,"lbenson@ortiz-ayala.biz",1099,2021,4,21,2021,5,2),
(699,"marydavis@caldwell.com",3100,2021,4,9,2021,4,17),
(700,"martinwhitney@gmail.com",4185,2021,1,25,2021,1,30),
(701,"darrenmatthews@hotmail.com",1013,2020,8,28,2020,9,10),
(702,"martinwhitney@gmail.com",2074,2021,3,6,2021,3,17),
(703,"thomasstacy@barker.net",2084,2020,10,17,2020,10,22),
(704,"rquinn@hotmail.com",3112,2020,7,31,2020,8,1),
(705,"taylortricia@yahoo.com",2039,2021,6,23,2021,7,1),
(706,"jessicagonzalez@gmail.com",1188,2021,1,8,2021,1,17),
(707,"jasonwright@curry.com",1071,2021,2,22,2021,3,5),
(708,"jennifer22@bennett-knapp.com",1022,2020,5,18,2020,5,29),
(709,"qsilva@lara.com",2132,2020,8,30,2020,9,7),
(710,"uroy@michael.net",1109,2021,11,2,2021,11,12),
(711,"mortiz@gmail.com",2136,2020,3,23,2020,4,3),
(712,"beth97@perez.com",2186,2020,10,2,2020,10,8),
(713,"usmith@hotmail.com",1166,2021,11,1,2021,11,9),
(714,"millerrobert@adams.com",3026,2020,3,14,2020,3,15),
(715,"vcameron@lowery.com",1039,2021,4,24,2021,4,27),
(716,"isaiahbishop@hotmail.com",4180,2020,7,7,2020,7,18),
(717,"annjohnson@hotmail.com",5162,2021,6,11,2021,6,16),
(718,"pmartinez@everett.com",1035,2021,6,16,2021,6,24),
(719,"michaelabbott@hendricks-charles.org",5084,2020,1,23,2020,2,1),
(720,"chelseanguyen@carey.info",2190,2020,1,3,2020,1,9),
(721,"zavery@hotmail.com",4163,2020,2,18,2020,2,23),
(722,"christopher11@yahoo.com",1028,2020,3,14,2020,3,18),
(723,"turnerfrank@yahoo.com",1007,2020,8,18,2020,8,28),
(724,"mooresteven@ramsey.net",5039,2020,1,7,2020,1,17),
(725,"hannahneal@rodriguez.com",5075,2021,12,11,2021,12,18),
(726,"sherry68@hotmail.com",2156,2020,10,11,2020,10,23),
(727,"mitchell26@wilson.net",2172,2021,9,19,2021,10,1),
(728,"rprice@clark-huff.com",2070,2020,9,9,2020,9,16),
(729,"david30@holloway.com",5117,2021,9,24,2021,9,25),
(730,"bennettholly@hotmail.com",2088,2020,1,4,2020,1,13),
(731,"zford@gmail.com",4088,2020,5,19,2020,5,23),
(732,"clarksean@le-smith.net",3082,2020,6,25,2020,6,28),
(733,"whiteheadmark@young.biz",5130,2020,11,28,2020,12,4),
(734,"mrosales@gmail.com",2088,2021,12,6,2021,12,14),
(735,"clang@crawford-fisher.biz",3173,2020,9,27,2020,10,1),
(736,"brianna27@gmail.com",1101,2021,2,20,2021,2,21),
(737,"david30@thomas.com",3063,2021,8,1,2021,8,13),
(738,"nelsonkristin@yahoo.com",4158,2020,7,11,2020,7,24),
(739,"davidmann@hotmail.com",3124,2021,2,10,2021,2,16),
(740,"carolthomas@hotmail.com",1023,2021,9,27,2021,10,9),
(741,"reginald52@schneider.com",5063,2021,7,15,2021,7,23),
(742,"edwardscindy@reed.biz",3039,2021,9,15,2021,9,26),
(743,"cheryl85@rose.com",1056,2021,1,30,2021,2,3),
(744,"audreysmith@gmail.com",1033,2021,10,16,2021,10,27),
(745,"brittany62@fowler.com",4012,2020,3,4,2020,3,15),
(746,"patricia82@gardner.com",5079,2020,5,4,2020,5,8),
(747,"pbrown@pugh.com",3181,2021,10,23,2021,10,28),
(748,"odavis@terrell.info",4142,2021,8,20,2021,8,29),
(749,"brian07@sharp-smith.net",1048,2021,8,28,2021,9,10),
(750,"imanning@hotmail.com",2075,2021,4,30,2021,5,13),
(751,"rmichael@hotmail.com",2190,2021,11,9,2021,11,22),
(752,"allenlisa@vasquez-williams.net",3183,2020,10,31,2020,11,2),
(753,"fwarren@cook.com",4142,2020,12,27,2021,1,6),
(754,"ericasanchez@yahoo.com",4136,2021,8,18,2021,8,30),
(755,"imyers@gmail.com",4132,2020,11,24,2020,11,25),
(756,"wgarza@rich-morales.com",1111,2020,1,31,2020,2,5),
(757,"shelley28@harper.net",5048,2021,12,1,2021,12,13),
(758,"matthewheath@hotmail.com",1003,2020,7,24,2020,7,25),
(759,"hblack@gmail.com",5184,2020,6,2,2020,6,12),
(760,"nchase@stephens.com",2028,2020,8,24,2020,9,2),
(761,"melissa69@mcpherson-herrera.biz",1098,2020,11,4,2020,11,15),
(762,"john79@wade.com",3099,2021,2,26,2021,3,10),
(763,"maddoxdiana@malone.com",5118,2020,2,26,2020,3,2),
(764,"tjohnson@hotmail.com",1043,2021,7,31,2021,8,12),
(765,"boyddylan@williams.com",2019,2021,6,9,2021,6,11),
(766,"youngnicholas@grant-williams.com",1131,2021,3,3,2021,3,11),
(767,"shannonroberts@montoya.com",1023,2021,7,20,2021,7,21),
(768,"smithjoshua@wiley-osborne.info",4139,2021,4,3,2021,4,4),
(769,"pmcintyre@pace.com",3160,2021,3,2,2021,3,15),
(770,"meganjones@jackson-barnett.com",4019,2020,7,3,2020,7,12),
(771,"beth96@hotmail.com",1191,2020,5,16,2020,5,19),
(772,"maryfuentes@hunter.net",1117,2021,1,15,2021,1,20),
(773,"mcintyreevelyn@gmail.com",2171,2020,8,30,2020,9,3),
(774,"cherryjames@holmes.com",2040,2021,5,8,2021,5,20),
(775,"lewispatricia@turner.info",1145,2021,5,24,2021,5,30),
(776,"danderson@gmail.com",4081,2021,9,21,2021,9,29),
(777,"brandttaylor@galvan.com",4068,2020,4,7,2020,4,18),
(778,"jjackson@yahoo.com",1151,2020,6,27,2020,7,2),
(779,"paul52@yahoo.com",3040,2021,2,17,2021,2,23),
(780,"schmittjennifer@torres.org",2082,2021,1,11,2021,1,17),
(781,"tyler40@ford-long.com",5134,2020,3,4,2020,3,10),
(782,"schmidtbrian@daniels.com",5008,2020,2,21,2020,2,23),
(783,"hansenamanda@hotmail.com",1095,2021,8,21,2021,9,2),
(784,"susan98@hotmail.com",3121,2020,1,11,2020,1,23),
(785,"brian07@sharp-smith.net",1018,2020,1,11,2020,1,12),
(786,"paulperry@combs.net",5099,2020,9,16,2020,9,22),
(787,"jharrington@mann.com",2096,2020,11,13,2020,11,23),
(788,"georgebrown@hudson.com",1122,2020,10,18,2020,10,23),
(789,"rquinn@hotmail.com",4067,2021,6,18,2021,6,26),
(790,"brucematthew@martinez.org",5180,2021,8,22,2021,8,27),
(791,"jacob08@knight-brown.org",4067,2020,8,21,2020,8,27),
(792,"vcarter@rice-peterson.com",1057,2020,7,13,2020,7,14),
(793,"brownbrittany@elliott.com",5092,2020,9,12,2020,9,18),
(794,"rossjohn@hotmail.com",1046,2021,10,8,2021,10,16),
(795,"hannahwilliams@yahoo.com",1163,2020,11,21,2020,11,30),
(796,"maria12@rogers.info",3130,2021,2,21,2021,3,5),
(797,"angela94@french.com",1142,2020,9,26,2020,10,4),
(798,"matthewheath@hotmail.com",5170,2020,10,3,2020,10,14),
(799,"adamspaula@hotmail.com",3108,2020,12,6,2020,12,18),
(800,"hreynolds@gmail.com",1003,2020,11,4,2020,11,13),
(801,"garzadylan@gmail.com",1067,2020,6,16,2020,6,24),
(802,"kristen65@gmail.com",5059,2021,3,16,2021,3,29),
(803,"iwilliams@gmail.com",3147,2020,1,25,2020,2,6),
(804,"fwarren@cook.com",3187,2021,2,28,2021,3,3),
(805,"jessicaandersen@hotmail.com",4185,2020,2,15,2020,2,16),
(806,"xcarroll@gmail.com",1113,2021,10,6,2021,10,15),
(807,"jessemorrison@stone-fernandez.com",2081,2021,7,6,2021,7,13),
(808,"allenlisa@vasquez-williams.net",3195,2020,4,2,2020,4,8),
(809,"deborahnelson@bell-crawford.info",5040,2020,12,3,2020,12,8),
(810,"alvin44@gmail.com",2067,2021,12,3,2021,12,7),
(811,"jharrington@mann.com",1049,2020,5,18,2020,5,23),
(812,"cmontes@meadows.com",3114,2021,4,5,2021,4,17),
(813,"thompsonapril@todd.org",5053,2021,7,1,2021,7,7),
(814,"candice20@thompson.com",5125,2021,9,19,2021,9,25),
(815,"carrollsydney@hotmail.com",2124,2020,2,29,2020,3,13),
(816,"matthew51@crawford.com",2045,2021,3,24,2021,3,28),
(817,"austin49@king.com",2159,2021,2,19,2021,2,21),
(818,"dennis62@kennedy.com",2174,2021,7,22,2021,7,27),
(819,"xwhitaker@ware-nelson.net",1066,2020,2,27,2020,3,1),
(820,"whitejulie@gmail.com",2056,2021,8,3,2021,8,7),
(821,"odavis@terrell.info",3015,2021,3,19,2021,3,21),
(822,"iellis@lee-brooks.biz",3131,2020,10,20,2020,10,31),
(823,"amccormick@gmail.com",3116,2020,2,10,2020,2,19),
(824,"porterdouglas@yahoo.com",4186,2020,4,11,2020,4,15),
(825,"espinozamichelle@cole.com",2065,2021,10,12,2021,10,24),
(826,"stephaniegonzalez@guerrero.net",2078,2021,4,15,2021,4,28),
(827,"ljackson@yahoo.com",2026,2021,3,16,2021,3,27),
(828,"singhgeorge@ross-joseph.com",4130,2021,2,17,2021,2,26),
(829,"jessica88@branch.biz",2111,2021,9,26,2021,10,2),
(830,"derektaylor@yahoo.com",4148,2021,9,3,2021,9,8),
(831,"crawfordryan@meyers.biz",2067,2020,6,14,2020,6,23),
(832,"danieljenkins@gmail.com",2147,2021,10,11,2021,10,20),
(833,"brandimorris@oneal-baker.com",5055,2021,6,9,2021,6,12),
(834,"nelsonkristin@yahoo.com",2111,2020,11,19,2020,11,22),
(835,"jasonwilson@torres.com",5085,2020,4,21,2020,5,2),
(836,"roy72@yahoo.com",4142,2020,1,27,2020,2,7),
(837,"briannalopez@duran.com",2151,2020,3,2,2020,3,9),
(838,"danielsedward@yahoo.com",3195,2021,9,15,2021,9,22),
(839,"shawnsmith@gmail.com",2121,2021,7,14,2021,7,27),
(840,"saracarpenter@schwartz-hall.info",2095,2020,1,20,2020,1,26),
(841,"clang@crawford-fisher.biz",5175,2020,5,16,2020,5,23),
(842,"porterdouglas@yahoo.com",5194,2020,7,4,2020,7,6),
(843,"carmen23@morris.com",2032,2020,5,6,2020,5,15),
(844,"dustinlloyd@yahoo.com",5117,2021,10,30,2021,11,6),
(845,"thomasmiller@watson.com",2099,2021,7,30,2021,8,10),
(846,"dvillegas@hotmail.com",5175,2021,12,27,2022,1,6),
(847,"qcastro@hotmail.com",4091,2020,4,6,2020,4,18),
(848,"pamelasampson@gmail.com",1199,2020,8,20,2020,8,21),
(849,"ufoster@freeman-hill.org",3122,2020,4,30,2020,5,10),
(850,"pamelasampson@gmail.com",1190,2020,9,11,2020,9,22),
(851,"ajohnson@jones-garcia.com",5093,2021,5,30,2021,5,31),
(852,"michelle26@gmail.com",1107,2020,4,11,2020,4,17),
(853,"zavery@hotmail.com",5039,2021,5,12,2021,5,23),
(854,"johnsonmathew@watson.net",4166,2021,5,27,2021,6,2),
(855,"james96@yahoo.com",2014,2021,9,2,2021,9,9),
(856,"jeffrey71@johnson-white.com",4115,2021,12,8,2021,12,21),
(857,"willisamanda@gmail.com",1046,2021,9,29,2021,10,7),
(858,"ufoster@freeman-hill.org",1155,2021,4,16,2021,4,21),
(859,"owensjackie@sullivan.com",5170,2020,12,7,2020,12,20),
(860,"john79@wade.com",3036,2021,9,15,2021,9,18),
(861,"ysweeney@gmail.com",3069,2021,12,5,2021,12,14),
(862,"tina23@gmail.com",2056,2020,8,24,2020,8,29),
(863,"melinda89@jenkins.com",2177,2021,10,12,2021,10,22),
(864,"gjohnson@yahoo.com",1192,2020,9,10,2020,9,21),
(865,"tammy23@yahoo.com",4104,2021,9,18,2021,9,28),
(866,"icarpenter@hotmail.com",1030,2021,5,8,2021,5,16),
(867,"richardsonlaura@moon.com",4176,2020,11,3,2020,11,16),
(868,"ybrown@yahoo.com",5140,2020,9,11,2020,9,15),
(869,"erin32@yahoo.com",2070,2021,9,7,2021,9,15),
(870,"xgarza@wise.com",4004,2021,12,25,2022,1,4),
(871,"caroline73@gmail.com",2139,2021,4,16,2021,4,29),
(872,"bradleystephenson@gmail.com",3194,2021,5,13,2021,5,23),
(873,"tiffany66@williams-fisher.com",3188,2020,6,28,2020,7,6),
(874,"felicia53@guerra-espinoza.com",4188,2020,12,5,2020,12,12),
(875,"fclayton@harris.com",3134,2021,11,29,2021,12,3),
(876,"chicks@gmail.com",3002,2021,11,9,2021,11,17),
(877,"kimberly47@robinson.com",2112,2021,4,27,2021,4,30),
(878,"stewartjesus@henry.net",4059,2020,6,21,2020,7,3),
(879,"reedgeorge@rogers.org",4004,2021,3,4,2021,3,8),
(880,"wthomas@jackson-reynolds.com",3172,2021,8,6,2021,8,8),
(881,"rodriguezkaren@rodriguez.com",1027,2021,6,21,2021,6,26),
(882,"jensencynthia@little.net",2127,2021,10,3,2021,10,8),
(883,"qparrish@merritt-rice.com",1069,2021,2,24,2021,3,4),
(884,"franciskatelyn@norris-davis.biz",3182,2020,3,24,2020,3,30),
(885,"jason11@carpenter.com",4113,2020,12,2,2020,12,7),
(886,"patricia42@hotmail.com",5061,2020,7,22,2020,7,25),
(887,"williamsstephanie@gmail.com",3088,2021,8,24,2021,9,4),
(888,"beth97@perez.com",5080,2021,10,20,2021,11,1),
(889,"keybrian@mcmahon-waters.com",3149,2021,11,17,2021,11,26),
(890,"anna34@mcfarland.info",1054,2020,4,16,2020,4,24),
(891,"youngsarah@daugherty.net",4183,2021,5,13,2021,5,23),
(892,"wmorrison@yahoo.com",4163,2021,1,22,2021,1,24),
(893,"ochambers@ortiz.com",1132,2021,5,1,2021,5,5),
(894,"whudson@hotmail.com",5193,2021,12,12,2021,12,20),
(895,"allenlisa@vasquez-williams.net",4128,2020,1,27,2020,1,30),
(896,"rita47@wheeler-duncan.info",1141,2020,8,22,2020,8,29),
(897,"ricechristopher@yahoo.com",2037,2021,6,10,2021,6,12),
(898,"christopher91@martinez.com",4167,2020,6,24,2020,6,26),
(899,"lmckenzie@yahoo.com",2092,2020,12,21,2020,12,22),
(900,"john79@wade.com",5021,2021,7,18,2021,7,25),
(901,"corey84@yahoo.com",1101,2020,4,25,2020,5,8),
(902,"robert65@griffin.info",5126,2020,6,11,2020,6,12),
(903,"jenniferlee@gmail.com",5105,2020,8,28,2020,9,8),
(904,"waltonjoseph@grant.org",4098,2021,9,30,2021,10,5),
(905,"bakeryvonne@evans.com",4176,2020,1,17,2020,1,26),
(906,"sjackson@gmail.com",2052,2020,7,29,2020,8,11),
(907,"john68@dennis.org",1166,2021,9,6,2021,9,19),
(908,"freemanmichelle@hotmail.com",5142,2021,9,1,2021,9,11),
(909,"gibbshannah@yahoo.com",4025,2021,11,2,2021,11,11),
(910,"ronaldyang@allen.com",5155,2021,9,22,2021,9,24),
(911,"njackson@gomez.com",4113,2021,5,6,2021,5,12),
(912,"mcculloughangelica@hotmail.com",3113,2020,6,7,2020,6,16),
(913,"william49@riley.org",3062,2020,3,12,2020,3,19),
(914,"esandoval@torres.net",4106,2021,5,30,2021,6,11),
(915,"georgebrown@hudson.com",4042,2021,1,2,2021,1,11),
(916,"tayala@hotmail.com",5145,2020,12,21,2020,12,31),
(917,"cameronnelson@robertson.org",5098,2020,1,9,2020,1,21),
(918,"kimberlypierce@hernandez-young.com",1131,2020,12,3,2020,12,14),
(919,"stephaniegonzalez@guerrero.net",1072,2021,1,16,2021,1,25),
(920,"walterrandall@lopez-moss.info",1033,2021,11,20,2021,11,27),
(921,"jjackson@yahoo.com",4187,2020,2,26,2020,2,27),
(922,"treed@small.com",2035,2020,11,12,2020,11,17),
(923,"shellywilliams@hotmail.com",5043,2020,12,12,2020,12,13),
(924,"franciskatelyn@norris-davis.biz",1124,2021,6,8,2021,6,21),
(925,"martinezmikayla@sherman.com",4106,2020,12,13,2020,12,18),
(926,"vwilson@thompson.biz",2097,2020,1,10,2020,1,22),
(927,"robertforbes@hotmail.com",5168,2020,8,26,2020,8,27),
(928,"heatherbradshaw@yahoo.com",5122,2020,6,28,2020,7,7),
(929,"maddoxdiana@malone.com",3161,2021,4,8,2021,4,9),
(930,"lindseysmith@yahoo.com",2121,2020,3,12,2020,3,17),
(931,"pgilmore@contreras.com",5153,2020,10,20,2020,10,26),
(932,"robert33@hotmail.com",4145,2021,12,10,2021,12,19),
(933,"angelahayes@hill-james.net",1102,2020,12,5,2020,12,17),
(934,"lucas88@hotmail.com",4164,2020,4,7,2020,4,14),
(935,"caroline73@gmail.com",1105,2020,10,17,2020,10,25),
(936,"christopher11@yahoo.com",5023,2021,7,20,2021,7,25),
(937,"david30@thomas.com",5139,2021,3,12,2021,3,18),
(938,"cory69@schmidt.biz",5152,2020,2,16,2020,2,21),
(939,"eadams@gmail.com",4188,2021,7,2,2021,7,6),
(940,"richardpatel@hotmail.com",3041,2020,3,18,2020,3,27),
(941,"mgomez@hotmail.com",4121,2021,5,1,2021,5,8),
(942,"anna71@yahoo.com",3041,2021,8,7,2021,8,13),
(943,"wharvey@hotmail.com",2179,2020,12,8,2020,12,19),
(944,"angela79@hotmail.com",2112,2021,9,4,2021,9,10),
(945,"angela13@gmail.com",1047,2020,9,13,2020,9,25),
(946,"rachel51@hotmail.com",1181,2020,1,2,2020,1,11),
(947,"sarahlopez@yahoo.com",2067,2021,6,1,2021,6,11),
(948,"steeletonya@gmail.com",4093,2020,7,6,2020,7,17),
(949,"holsen@long.biz",1140,2020,8,7,2020,8,18),
(950,"annthomas@cooper.org",5019,2021,7,28,2021,8,5),
(951,"james96@yahoo.com",5031,2020,1,8,2020,1,10),
(952,"pbryant@gmail.com",3169,2021,2,18,2021,2,22),
(953,"robin03@gmail.com",2184,2020,7,18,2020,7,26),
(954,"allenraymond@yahoo.com",5198,2021,4,10,2021,4,22),
(955,"kylearroyo@yahoo.com",1058,2020,6,11,2020,6,20),
(956,"jonesmichelle@hotmail.com",3112,2021,9,25,2021,9,26),
(957,"brianmartinez@brennan.org",1116,2021,12,19,2021,12,24),
(958,"kingeric@reynolds.com",1191,2020,2,11,2020,2,19),
(959,"lisamays@jordan-rodriguez.biz",3148,2020,6,25,2020,6,26),
(960,"dwaynefoster@gmail.com",1042,2020,1,13,2020,1,24),
(961,"ievans@king.net",5076,2021,12,15,2021,12,17),
(962,"jillbrown@farley-wood.info",4044,2020,10,30,2020,11,8),
(963,"anna71@yahoo.com",3081,2020,8,16,2020,8,18),
(964,"thomasstacy@barker.net",5111,2020,4,26,2020,4,29),
(965,"allenraymond@yahoo.com",3111,2020,7,1,2020,7,7),
(966,"tiffanyjones@yang-knapp.com",4084,2020,7,29,2020,8,4),
(967,"stephanie58@johnson.info",5175,2020,3,22,2020,3,29),
(968,"mckinneytony@gmail.com",1133,2020,8,19,2020,8,26),
(969,"xperkins@ferguson.org",2146,2020,12,30,2021,1,7),
(970,"rhester@cook.com",2119,2020,6,7,2020,6,20),
(971,"stephaniegonzalez@guerrero.net",1184,2021,2,13,2021,2,20),
(972,"melissaphillips@cox.org",3005,2020,10,4,2020,10,11),
(973,"jpatel@young.org",2089,2020,4,30,2020,5,9),
(974,"brucematthew@martinez.org",3119,2021,6,20,2021,6,24),
(975,"marydavis@caldwell.com",1141,2020,4,14,2020,4,27),
(976,"robertforbes@hotmail.com",4006,2021,1,31,2021,2,10),
(977,"irose@hotmail.com",2098,2020,8,4,2020,8,13),
(978,"phillip99@gallagher.com",4026,2020,8,9,2020,8,10),
(979,"austinandrew@hill.net",4115,2021,8,27,2021,9,3),
(980,"lbenson@ortiz-ayala.biz",1175,2021,6,15,2021,6,20),
(981,"gonzalezsarah@yahoo.com",2123,2020,4,6,2020,4,10),
(982,"wirwin@smith.info",1055,2020,4,3,2020,4,4),
(983,"ajohnson@martinez-boyd.com",3033,2021,11,6,2021,11,17),
(984,"angela94@french.com",3127,2020,3,24,2020,4,3),
(985,"rmichael@hotmail.com",3176,2020,3,8,2020,3,19),
(986,"kdaniel@yahoo.com",5043,2020,10,16,2020,10,23),
(987,"linda75@davis.biz",5115,2020,6,29,2020,7,12),
(988,"brandimorris@oneal-baker.com",3184,2021,6,17,2021,6,22),
(989,"austin49@king.com",5128,2021,2,17,2021,2,22),
(990,"dianagarcia@gmail.com",1161,2020,6,14,2020,6,24),
(991,"michael83@hotmail.com",4045,2021,3,31,2021,4,7),
(992,"biancadavis@daugherty-nixon.com",1057,2020,3,21,2020,3,27),
(993,"morganmelissa@yahoo.com",2059,2020,7,4,2020,7,8),
(994,"richard53@hotmail.com",2126,2021,7,25,2021,8,3),
(995,"keith33@yahoo.com",1036,2020,11,2,2020,11,12),
(996,"callen@flowers-acosta.com",4131,2021,2,7,2021,2,14),
(997,"iwilliams@gmail.com",3023,2020,9,25,2020,9,29),
(998,"kelly98@winters.info",1046,2021,2,27,2021,3,2),
(999,"robertayala@gmail.com",3026,2020,10,13,2020,10,14),
(1000,"kathleen30@gmail.com",2186,2020,2,4,2020,2,9);
INSERT INTO Service VALUE
(764,10,1),
(650,15,2),
(904,20,3),
(418,25,4),
(593,30,5),
(860,35,6),
(800,40,7),
(848,45,8),
(143,50,9),
(819,55,10);
